Video Id,Publish Date,Channel Id,Video Title,Video Description,Channel Title,Video Tags,Default Audio Language,Video Views,Video Likes,Favorite Count,Comment Count,Channel Country,Query,Caption Saved
XAWlVODAJ5s,2020-04-30T10:45:01Z,UCuS5fmeEDpnW5JPMdRhGm7A,Stranded FOREIGNERS create PHILIPPINES QUARANTINE GAMES,"Welcome to the Philippines HOME QUARANTINE GAMES 2020! Today we will have some intense emotions and unexpected moments during Philippines major sports event of the year 2020!
HUGE THANK YOU tğŸ™ğŸ¼o all the contributors of the PQG 2020 - you made a lot of people smile today ğŸ˜‹:
ğŸŒŸThe beautiful Miss World Philippines Michelle Marquez Dee for the honor of opening this unique event! Follow her here: 
ğŸ“¸ https://www.instagram.com/michelledee/

ğŸŒŸPhilippines Vloggers George and Lucy for performing the official Philippines Quarantine Games Anthem. We hope this song will hit the charts! 
Follow them here: 
ğŸ¥ Â @TheJuicyVlog Â  
ğŸ“¸ https://www.instagram.com/lucydagostino_/
ğŸ“¸ https://www.instagram.com/georgewarringtonuk/

ğŸŒŸJanina Manipol featuring the incredible talent of the cutest kittens we have ever seen! Follow her here: 
ğŸ“¸ https://www.instagram.com/janinamanipol/

ğŸŒŸ Professor Martin Solhaugen for verifying the results with specialists from Norway
ğŸ¥ Â @martinsolhaugen 
ğŸ“¸ https://www.instagram.com/solhaugen/

ğŸŒŸ The cheerleaders Zowie and Carson for their incredible performance and support for our contestants! 
Follow them here: 
ğŸ¥ Â @BisayangHilaw Â and Â @ZowiePalliaer 
ğŸ“¸ https://www.instagram.com/carson.moody/
ğŸ“¸ https://www.instagram.com/zowiepalliaer/

ğŸŒŸ Our Manila correspondent Oscar Oida for keeping us up to date with the situation in Manila:
ğŸ“¸ https://www.instagram.com/oscaroida/
FB: https://www.facebook.com/Oscar-Oida-230967478683/

ğŸ‘‰ğŸ¼FOLLOW US on our Socials for some behind the scenes of our life and travels in the Philippines ğŸ‡µğŸ‡­
ğŸ‘¨ğŸ»MIKE:
IG: https://www.instagram.com/makingithappenvlog/
FB: https://www.facebook.com/makingithappenvlog
YT: Â @MikeMakingitHappen  

ğŸ‘©ğŸ»NELLY:
IG: https://www.instagram.com/nellyslife__/
FB: https://www.facebook.com/nellyslife/
YT: Â @Nellyslife 

SUBSCRIBE to our new REACTION CHANNEL @WhatsupPhilippines 
https://www.youtube.com/channel/UCryJ4vhASeu7uhXRPOL3WhA
â–¬â–¬â–¬

SAVE SOME MONEY ON YOUR NEXT ACCOMMODATIONğŸ’°

AIRBNB:
ğŸ‘‡ğŸ¼ğŸ‘‡ğŸ¼ğŸ‘‡ğŸ¼
and get up to $42 off your next stay by signing up with our link:
https://www.airbnb.com/c/michaelh25656?currency=USD

â–¬â–¬â–¬
ğŸ‘š GET OUR MERCH HERE: http://bit.ly/MakingItHappenMERCH
100% of our Merch proceeds are donated to the Kalipay Negrense Foundation to bring joy and a better future to disadvantaged Filipinos ğŸ‡µğŸ‡­

We wanted to give you an overview and full transparancy about our ""Making It Happen Merch"" Donations for Kalipay Negrense Foundation
Therefore we will upload the monthly sales reports in this folder so you can check every month how much YOU guys contributed for a good cause by supporting our little project for Giving Back ğŸ™ğŸ¼
Here is the link: https://bit.ly/34tK9zO

If you have any questions, feel free to reach out to us via email: mike.makingithappen@gmail.com

â–¬â–¬â–¬

ABOUT US:
We are Mike and Nelly, two passionate travellers who love to immerse themselves into new cultures and experiences all around the globe. We are always up for travels that involve amazing people, good food, great coffee and the next adventure. We love capturing these moments on our Travel Vlogs.
SUBSCRIBE for TRAVEL, FOOD and  GOOD VIBES.

LETS STAY IN TOUCH:
ğŸ¤— click the links to follow us on our other social channels
https://linktr.ee/makingithappenvlog

WORK WITH US:
ğŸ“¬ mike.makingithappen@gmail.com

â–¬â–¬â–¬",Making it happen Vlog,"['Philippines', 'manila', 'quarantine activity', '#Philippines', '#QuarantineChallenge', 'Foreigners react to Quarantine in Philippines', '#WeSmileAsOne']",en,33875,3307,0,604,US,"Foreigner React Filipino,Foreigner reacts to Filipinos,Foreigner travels to Philippines,Foreigner vlog Philippines",Yes
N7x3UtdMxE4,2019-01-20T04:51:20Z,UCDikY0fBFXGCFA_0Fr2azYg,Miss Universe 2018 - Catriona Gray Philippines Highlights | Reaction - Asians Down Under,"Our first time watching Catriona Gray on Miss Universe. She is talented, gorgeous and amazing. Well deserved win by Philippines!

--
â¤ï¸ CONNECT WITH US!

ğŸ™ Asians Down Under
ğŸ“¸ Instagram - https://instagram.com/AsiansDownUnder
ğŸ“± TikTok - https://tiktok.com/@AsiansDownUnder
ğŸ’¬ Discord - https://discord.com/invite/ddHksDSDwq

Law (Law.vLogs)
â–¶ï¸ YouTube - https://www.youtube.com/TechwithLawrence
ğŸ“¸ Instagram - https://instagram.com/law.vlogs
ğŸ“¸ Instagram - https://instagram.com/tech_with_lawrence

Joanne (Juuannie)
â–¶ï¸ YouTube - https://www.youtube.com/juuannie
ğŸ“¸ Instagram - https://instagram.com/juuannie

Hoju (hojushi)
â–¶ï¸ YouTube - https://youtube.com/hojushi
ğŸ“º Twitch - https://twitch.tv/hojushi

Thank you for watching!

#missuniverse #Catriona #missuniverse2018",Asians Down Under,"['miss universe 2018 reaction', 'miss universe 2018 reaction videos', 'miss universe 2018 react', 'miss universe 2018 reaction foreigners', 'miss universe 2018 reaction korean', 'miss universe 2018 reaction Australia', 'miss universe reaction', 'miss universe reaction Philippines', 'catriona gray miss universe 2018', 'miss universe 2018 winner philippines', 'miss universe 2018 winner catriona gray', 'miss universe 2018 live', 'miss universe 2018 top 3', 'miss universe 2018 winner']",en-GB,5580617,106985,0,2708,AU,"American React Filipino,First time Philippines,First time Philippines,Foreigner React Filipino,Foreigner reacts to Filipinos,Foreigner travels to Philippines,Foreigner travels to Philippines,Foreigner vlog Philippines,Japanese React Filipino,Korean React Filipino,React to Filipinos,React to PH,React to Philippines,React to Pinoy,Top Philippines",Yes
evTFGDVlQ4s,2019-07-04T00:00:01Z,UCLNoXf8gq6vhwsrYp-l0J-Q,Americans Pick the Most Beautiful Filipina Beauty Pageant Winner?!,"We asked random strangers in NYCâ€™s Times Square to pick the most beautiful past Filipina winner of international beauty pageants. Specifically, people chose from Miss Universe 2018 Catriona Gray, Miss Universe 2015 Pia Wurtzbach, Miss World 2013 Megan Young, Miss International 2016 Kylie Verzosa, Miss International 2013 Bea Santiago, and Miss International 2005 Lara Quigaman (or Precious Lara Quigaman).

The Philippines is known for its obsession with beauty pageants and so hopefully all you guys in the Philippines will find this interesting! Remember to subscribe and check out my other Filipino videos involving food, culture, and funny reactions! See you next time!!!

Subscribe to my channel: https://www.youtube.com/channel/UCLNoXf8gq6vhwsrYp-l0J-Q?sub_confirmation=1
Follow me on Instagram: https://www.instagram.com/xiaomanyc/
Follow me on Facebook: https://www.facebook.com/xiaomanyc/",Xiaomanyc å°é©¬åœ¨çº½çº¦,"['xiaomanyc', 'yt:cc=on', 'food', 'street food', 'food interview', 'times square', 'nyc', 'new york', 'Catriona Gray', 'Pia Wurtzbach', 'Megan Young', 'Kylie Verzosa', 'Bea Santiago', 'miss world', 'miss universe', 'liza soberano', 'beauty pageants', 'filipino celebrities', 'top 10', 'most beautiful', 'filipino stars', 'miss philippines', 'maine mendoza', 'nadine lustre', 'filipino celebs', 'pinoy celebrities', 'most beautiful celebrities', 'most beautiful celebrities in the philippines', 'miss international']",en,1081172,27593,0,2241,US,"Foreigner React Filipino,Foreigner reacts to Filipinos,Foreigner speaks Filipino,Foreigner tries Filipino food,Foreigner vlog Philippines,Korean React Filipino,React to Filipinos,React to PH,React to Philippines,Trying Filipino Snacks",Yes
Rb-vr5vfo8g,2020-02-12T00:05:47Z,UCwmjQLxUeYS2qxpNH8cF0Rw,Reacting to Famous Half Filipino Celebrities With Foreign Blood,"SUBSCRIBE TO MY CHANNEL  - bit.ly/2JmVUgq
HELP ME REACH 10,000 SUBSCRIBERS Thank you!

In today's video I check out famous half Filipino celebrities with foreign blood! Philippines has a lot of beautiful people!!! Thank you for watching and let me know who do you think is the most famous half Filipino celebrity!

Original video - https://www.youtube.com/watch?v=XK82ovv3wLw

Music from David Cutter

Follow me on
https://twitter.com/TheDennisChua
https://instagram.com/dennis_chua_
https://www.facebook.com/TheDennisChua

BEST YOUTUBE TOOL - http://bit.ly/3ahOvNI
BEST ONLINE FILM SCHOOL - http://bit.ly/2IA3WWj
FREE SOCIAL MEDIA DESIGN TOOL - http://bit.ly/32PiRTM
FREE COLOR GRADING LUT - http://bit.ly/2Ss9epz

My Video Editing Software - http://bit.ly/AdobePPTrial
My Main Camera â€” https://amzn.to/2J1I2te
My Main Lens â€” https://amzn.to/2ChbHNA
My Tripod â€” http://ebay.to/2EKFvDL
My Microphone â€” https://amzn.to/2EjZJFy
My Lighting kit â€” https://amzn.to/2RQVeVB
My Main Drone â€”  https://amzn.to/2ChbUAm
My Gear List â€”  http://www.startmediagear.com

#dennischua #filipino #foreignblood #top10

DISCLAIMER: This video and description contains affiliate links, which means that if you click on one of the product links, Iâ€™ll receive a small commission. This helps support the channel and allows me to continue to make videos like this. Thank you for the support I really appreciate it!



About this video
In this video Dennis Chua shares his reaction of famous half Filipino celebrities with foreign blood Famous Filipino Celebrities With Foreign Blood You Didn't Know reaction , half Filipino celebrities in the Philippines reaction , reacting to half Filipino celebrities with foreign blood , half Filipino reaction , half Filipino stars reaction , half Filipino in Philippines reaction , famous half Filipinos , half Filipino , dennis chua reactions, half Filipino reactions, Filipino celebrities reaction , half Filipino stars reaction pinoy stars",BossD3nnis,"['dennis chua', ""Famous Filipino Celebrities With Foreign Blood You Didn't Know reaction"", 'half filipino celebrities in the philippines reaction', 'reacting to half filipino celebrities with foreign blood', 'half filipino reaction', 'half filipino stars reaction', 'half filipino in philippines reaction', 'half filipino', 'half filipina reactions', 'filipino celebrities reaction', 'filipino celebrities', 'filipino', 'pinoy celebrities', 'filipino celebrity', 'pinoy stars', 'filipino celebs', 'filipino stars']",en,913,52,0,16,AU,React to Filipinos,Yes
FHWph0x6D2o,2021-08-27T09:00:06Z,UC5NF_7WBa8OVDC0Xbs8yvOg,JapaneseGirl Reacts To Top Filipino Actors [She's Surprised!],"Suzu's never really seen Filipino shows or movies.
So today, I'll be showing Suzu some of the top Filipino Actors!

ãƒ•ã‚£ãƒªãƒ”ãƒ³äººæã‚‹ã¹ã—ï¼ï¼çš†ã•ã‚“ã¯èª°ãŒãŠæ°—ã«å…¥ã‚Šã§ã—ãŸã‹ï¼Ÿ

æ¬¡å›ã®å‹•ç”»ã‚‚ãŠæ¥½ã—ã¿ã«ï¼

â–¶ï¸ã€Intro to Our Lives!ã€‘ç§é”ã€æ—¥æœ¬äººã¨ãƒ•ã‚£ãƒªãƒ”ãƒ³ç³»ã‚¢ãƒ¡ãƒªã‚«äººã‚«ãƒƒãƒ—ãƒ«ã®è‡ªå·±ç´¹ä»‹
https://youtu.be/I9bJgyp1VXM

â–¶ï¸ã€How We Metã€‘ç§é”ã®å‡ºä¼šã„ã€é¦´ã‚Œåˆã‚ç·¨
https://youtu.be/rhFWZA5COvw

â–¶ï¸ Check out our previous video! å‰å›ã®å‹•ç”»ã¯ã“ã¡ã‚‰
Going To Gym With My Boyfriend Prank! *Cutest Reaction* ã‚¹ãƒãƒ–ãƒ©ã¨ã‚·ãƒ§ãƒ¼ãƒ„ã ã‘ã§ã‚¸ãƒ è¡Œãã£ã¦è¨€ã£ãŸã‚‰ã‚¢ãƒ¡ãƒªã‚«äººå½¼æ°ã«æ‹ã¾ã‚Œã¾ã—ãŸ
https://youtu.be/vF9c4Tu4uVs

Hello, We Are Japapino World Living in NYC!
Suzu is from Tokyo, Japan and Alvin is from the Philippines raised in New York City!
We make videos on our International Couple Relationship, Challenges, Pranks, and Much More!
If you like our content and would like to see more make sure you Comment, Like, and SMASH that Subscribe button!âœ¨
æ—¥æœ¬ç”Ÿã¾ã‚Œæ—¥æœ¬è‚²ã¡ã®ã™ãšã¨ã€ãƒ•ã‚£ãƒªãƒ”ãƒ³ç”Ÿã¾ã‚Œã‚¢ãƒ¡ãƒªã‚«è‚²ã¡ã®ã‚¢ãƒ«ãƒ“ãƒ³ã®ã€å›½éš›ã‚«ãƒƒãƒ—ãƒ«ã§ã™ï¼ã‚¢ãƒ¡ãƒªã‚«ãƒ»ãƒ‹ãƒ¥ãƒ¼ãƒ¨ãƒ¼ã‚¯ã‹ã‚‰ã€å›½éš›æ‹æ„›ã«ã¤ã„ã¦ã‚„ã€æ¤œè¨¼ã€ãƒ‰ãƒƒã‚­ãƒªã€NYã§ã®ãƒ©ã‚¤ãƒ•ã‚¹ã‚¿ã‚¤ãƒ«ãªã©ã®å‹•ç”»ã‚’ãŠå±Šã‘ã—ã¦ã„ãã¾ã™ï¼ãœã² ãƒãƒ£ãƒ³ãƒãƒ«ç™»éŒ²ã€é«˜è©•ä¾¡ã€ã‚³ãƒ¡ãƒ³ãƒˆã€ã‚ˆã‚ã—ããŠé¡˜ã„ã—ã¾ã™ï¼

â–¼Instagramâ–¼
Alvin: https://www.instagram.com/aleibenn/
Suzu: https://www.instagram.com/suzuthebell/

â–¼TikTokâ–¼
https://www.tiktok.com/@japapinoworld

â–¼Twitchâ–¼
Alvin: https://www.twitch.tv/aleibenn

â–¼Discordâ–¼
https://discord.gg/73Y7ZEEJGh

â–¼Business inquiries (Email)â–¼
japapino.world@gmail.com

â–¼In-Video Artâ–¼
Chris: https://www.instagram.com/halakachris/

#InternationalCouple #ReactingToTopFilipinoActors",Japapino World ã‚¸ãƒ£ãƒ‘ãƒ”ãƒ¼ãƒ,"['Japapino World', 'International Couple', 'International Couple in NYC', 'å›½éš›ã‚«ãƒƒãƒ—ãƒ«', 'å›½éš›æ‹æ„›', 'Japanese Girlfriend', 'å›½éš›ã‚«ãƒƒãƒ—ãƒ«ãƒãƒ£ãƒ³ãƒãƒ«', 'ã‚«ãƒƒãƒ—ãƒ«ãƒãƒ£ãƒ³ãƒãƒ«', 'æµ·å¤–ç”Ÿæ´»', 'ãƒ‹ãƒ¥ãƒ¼ãƒ¨ãƒ¼ã‚¯', 'Filipino Boyfriend', 'Japanese Filipino Relationship', 'Reacting To Filipino Actors', 'Filipino Actors', 'Filipino', 'Reacting To Philippines', 'Japanese Girl Reacts', 'Japanese Girlfriend Reacts', 'ãƒ•ã‚£ãƒªãƒ”ãƒ³äºº', 'ãƒ•ã‚£ãƒªãƒ”ãƒ³', 'ã‚¤ã‚±ãƒ¡ãƒ³ä¿³å„ª', 'ã‚¤ã‚±ãƒ¡ãƒ³ãƒ‘ãƒ©ãƒ€ã‚¤ã‚¹', 'ãƒ•ã‚£ãƒªãƒ”ãƒ³ç•™å­¦', 'æµ·å¤–ç•™å­¦', 'ãƒ•ã‚£ãƒªãƒ”ãƒ³äººç”·æ€§']",en-US,22969,882,0,94,US,"Top Filipino,Trying Filipino",Yes
ED9vNES6L9o,2021-09-04T09:00:11Z,UC5NF_7WBa8OVDC0Xbs8yvOg,Japanese Girl Reacts To Top Filipino Actresses!,"We did the boys and now it's time for the girls!
Today, Suzu reacts to Top Filipino Actresses!

ã„ã‚„ã€ã¿ã‚“ãªç¶ºéº—ã™ãã¾ã›ã‚“ï¼ï¼Ÿ

æ¬¡å›ã®å‹•ç”»ã‚‚ãŠæ¥½ã—ã¿ã«ï¼

â–¶ï¸ã€Intro to Our Lives!ã€‘ç§é”ã€æ—¥æœ¬äººã¨ãƒ•ã‚£ãƒªãƒ”ãƒ³ç³»ã‚¢ãƒ¡ãƒªã‚«äººã‚«ãƒƒãƒ—ãƒ«ã®è‡ªå·±ç´¹ä»‹
https://youtu.be/I9bJgyp1VXM

â–¶ï¸ã€How We Metã€‘ç§é”ã®å‡ºä¼šã„ã€é¦´ã‚Œåˆã‚ç·¨
https://youtu.be/rhFWZA5COvw

â–¶ï¸ Check out our previous video! å‰å›ã®å‹•ç”»ã¯ã“ã¡ã‚‰
Confusing My Japanese Girlfriend Prank! [Cute Reaction] ã‚¢ãƒ¡ãƒªã‚«äººå½¼æ°ãŒç„¡é™ãƒ«ãƒ¼ãƒ—ã®ä¸–ç•Œã«ã„ãŸã‚‰å½¼å¥³ã¯ã„ã¤æ°—ã¥ãã®ã‹ï¼ï¼Ÿã€æ¤œè¨¼ã€‘ã€ãƒ‰ãƒƒã‚­ãƒªã€‘
https://youtu.be/8xdch6aTDAg

Hello, We Are Japapino World Living in NYC!
Suzu is from Tokyo, Japan and Alvin is from the Philippines raised in New York City!
We make videos on our International Couple Relationship, Challenges, Pranks, and Much More!
If you like our content and would like to see more make sure you Comment, Like, and SMASH that Subscribe button!âœ¨
æ—¥æœ¬ç”Ÿã¾ã‚Œæ—¥æœ¬è‚²ã¡ã®ã™ãšã¨ã€ãƒ•ã‚£ãƒªãƒ”ãƒ³ç”Ÿã¾ã‚Œã‚¢ãƒ¡ãƒªã‚«è‚²ã¡ã®ã‚¢ãƒ«ãƒ“ãƒ³ã®ã€å›½éš›ã‚«ãƒƒãƒ—ãƒ«ã§ã™ï¼ã‚¢ãƒ¡ãƒªã‚«ãƒ»ãƒ‹ãƒ¥ãƒ¼ãƒ¨ãƒ¼ã‚¯ã‹ã‚‰ã€å›½éš›æ‹æ„›ã«ã¤ã„ã¦ã‚„ã€æ¤œè¨¼ã€ãƒ‰ãƒƒã‚­ãƒªã€NYã§ã®ãƒ©ã‚¤ãƒ•ã‚¹ã‚¿ã‚¤ãƒ«ãªã©ã®å‹•ç”»ã‚’ãŠå±Šã‘ã—ã¦ã„ãã¾ã™ï¼ãœã² ãƒãƒ£ãƒ³ãƒãƒ«ç™»éŒ²ã€é«˜è©•ä¾¡ã€ã‚³ãƒ¡ãƒ³ãƒˆã€ã‚ˆã‚ã—ããŠé¡˜ã„ã—ã¾ã™ï¼

â–¼Instagramâ–¼
Alvin: https://www.instagram.com/aleibenn/
Suzu: https://www.instagram.com/suzuthebell/

â–¼TikTokâ–¼
https://www.tiktok.com/@japapinoworld

â–¼Twitchâ–¼
Alvin: https://www.twitch.tv/aleibenn

â–¼Discordâ–¼
https://discord.gg/73Y7ZEEJGh

â–¼Business inquiries (Email)â–¼
japapino.world@gmail.com

â–¼In-Video Artâ–¼
Chris: https://www.instagram.com/halakachris/

â–¼Editorâ–¼
https://www.instagram.com/kairu_desuu/

â–¼Music Creditâ–¼
Artist: Jimboronie
Song: **FREE/UNTAGGED** Meme Rap x RuneScape Sample Type Beat - SHANTY 2! (Prod. Jimboronie)
Link: https://www.youtube.com/watch?v=ZwvP5a9nlpw

#Filipino #FilipinoActress #IntenationalCouple",Japapino World ã‚¸ãƒ£ãƒ‘ãƒ”ãƒ¼ãƒ,"['Japapino World', 'International Couple', 'International Couple in NYC', 'å›½éš›ã‚«ãƒƒãƒ—ãƒ«', 'å›½éš›æ‹æ„›', 'Japanese Girlfriend', 'å›½éš›ã‚«ãƒƒãƒ—ãƒ«ãƒãƒ£ãƒ³ãƒãƒ«', 'ã‚«ãƒƒãƒ—ãƒ«ãƒãƒ£ãƒ³ãƒãƒ«', 'æµ·å¤–ç”Ÿæ´»', 'ãƒ‹ãƒ¥ãƒ¼ãƒ¨ãƒ¼ã‚¯', 'Filipino Boyfriend', 'Japanese Filipino Relationship', 'Reacting To Filipina Actresses', 'Filipino Actresses', 'React to Filipino Actresses', 'Filipina Actresses', 'Most Beautiful Filipina Actresses', 'Liza Soberano', 'ãƒ•ã‚£ãƒªãƒ”ãƒ³äºº', 'ãƒ•ã‚£ãƒªãƒ”ãƒ³äºº å¥³å„ª', 'ã‚¢ãƒ¡ãƒªã‚«ç”Ÿæ´»', 'ãƒãƒ‹ãƒ©']",en-US,21987,798,0,115,US,Top Filipino,Yes
AyZZUJGMrio,2018-06-29T00:25:54Z,UCPNBc7ZRwmgk1I6j_lenAfw,THE TOP TEN SEXIEST WOMEN IN THE PHILIPPINES,"In this video, we share with you THE TOP TEN SEXIEST WOMEN IN THE PHILIPPINES. Subscribe to our channel here http://bit.ly/2WYS5pd.

A bevy of beautiful Filipinas awaits your eyes.

QFTD: Which one is the most sexiest Filipina to you? Leave your comments for me in the comments section of this video. And remember to like share and subscribe. 

NEXT VIDEO: Why Blacks Are Moving To The Philippines (2019)
https://www.youtube.com/watch?v=QmSU6f1nj_c

NEXT NEXT VIDEO: How To Spot Lies And Deceit In A Filipina
https://www.youtube.com/watch?v=HceBRwCC0JU&feature=youtu.be

***AFFILIATE LINKS***
Tube Buddy - an Awesome time-saver for Vloggers
and will grow your channel:
http://bit.ly/2qMoW4C

Transferwise - a way to get funds transferred from other countries to the Philippines with the lowest rate possible. Your first transfer is FREE! https://transferwise.com/u/d69391

For Personal Consultations Contact me at bdix004@gmail.com

For Public Speaking Engagements Contact me at bdix004@gmail.com

***DISCLAIMER--- If you sign up with the link above, I make a small commission. I use this service.

***DISCLAIMER---
The videos and Live Streams on our channel reflect the views and opinions as we see it from our perspective. That does not make it right or wrong. It's only OUR viewpoint as the name of our channel states.

***SOCIAL MEDIA***
Personal Facebook Page: http://bit.ly/25LZ0QR

Philippines Connection Facebook Fan Page: http://bit.ly/2UObPdi

Instagram at: http://bit.ly/2tfCEeO

Follow us on Twitter at http://bit.ly/2N0BAEO

Follow us on Google+ at http://bit.ly/2MZfQch

YouTube Channel: http://bit.ly/2WYS5pd

Life In The Philippines Website: http://bit.ly/2N1PTc7

**Copyright Disclaimer Under Section 107 of the Copyright Act 1976, allowance is made for ""fair use"" for purposes such as criticism, comment, news reporting, teaching, scholarship, and research. Fair use is a use permitted by copyright statute that might otherwise be infringing. Non-profit, educational or personal use tips the balance in favor of fair use.
**No copyright intended. All content used in adherence to Fair Use copyright law.
#THETOPTENSEXIESTWOMENINTHEPHILIPPINES
#lifeinthephilippinesablackpersonsviewpoint
#BOBBIED
#THEPHILIPPINESCONNECTION




#lifeinthephilippinesablackpersonsviewpoint #lifeinthephilippinesablackpersonsviewpoint

-~-~~-~~~-~~-~-
Please watch: ""Life In The Philippines Relationship Tips You Can Use Now"" 
https://www.youtube.com/watch?v=7Gb0nbGb2-I
-~-~~-~~~-~~-~-",The Love Train Nation,"['IF THE TOP TEN SEXIEST WOMEN IN THE PHILIPPINES', 'WHEN THE TOP TEN SEXIEST WOMEN IN THE PHILIPPINES', 'WHO THE TOP TEN SEXIEST WOMEN IN THE PHILIPPNES', 'why top ten sexiest women in the philippines', 'where top ten sexiest women in the philippines', 'TEN SEXIEST WOMEN IN THE PHILIPPINES', 'THE PHILIPPINES TOP TEN SEXIEST WOMEN', 'THE TOP TEN SEXIEXT WOMEN IN THE PHILIPPINES', 'nadine lustre58.9', 'top 10 sexiest women in the philippines 2017 | fhm', 'top 10 sexist women in the philippines 2017']",en,2677,13,0,6,US,Top Philippines,Yes
k4cn8eVRCDo,2020-05-25T13:00:16Z,UC41GuD_I41eEuo7KJUbnnRQ,Koreans React to 8 Filipino actresses [Choice Tournament] / Hoontamin,"Koreans reaction and their choice tournament among 8 Filipino actresses. Who will be the final winner? A tournament to find the last ideal type. This game is known as 'ideal type tournament' in Korea. Koreans Hoon and Cormie react to 8 actresses of the Philippines.


â€» Korean, Spanish, Portuguese, German, Russian, French, Vietnamese, Indonesian, Turkish, Thai, Arabian, Hindi : 12 languages subtitles are available! For these subtitles, click CC button - 'setting' on PC / 3 dots on mobile - please!


â€» English subtitles are supported in video.


â˜… Support our videos by becoming a Hoontamin channel member!
â‘  PayPal : https://www.paypal.me/hoontamin
â‘¡ Patreon : https://www.patreon.com/hoontaminï»¿


& You can participate in adding and modifying subtitles! : http://goo.gl/LNaiC2",í›ˆíƒ€ë¯¼ Hoontamin,"['í•„ë¦¬í•€', 'philippines', 'filipino', 'ì—¬ì', 'ì—¬ì„±', 'ë°°ìš°', 'ì—¬ë°°ìš°', 'actor', 'actress', 'actors', 'actresses', 'ë°˜ì‘', 'reaction', 'htmvforph', 'htmvforas', 'anne curtis', 'marian rivera', 'kathryn bernardo', 'julia barretto', 'maureen wroblewitz', 'megan young', 'janine gutierrez', 'jessy mendiola', 'ì´ˆì´ìŠ¤ í† ë„ˆë¨¼íŠ¸', 'choice tournament', 'ì´ìƒí˜• ì›”ë“œì»µ', 'ideal type', 'í›ˆíƒ€ë¯¼', 'hoontamin', 'htmvforcc', 'yt:cc=on', 'í•œêµ­', 'korea', 'korean', 'koreans', 'korean react', 'koreans react', 'korean reaction', 'koreans reaction', 'coreanos reaccion', 'ĞºĞ¾Ñ€ĞµĞ¹ÑĞºĞ°Ñ Ñ€ĞµĞ°ĞºÑ†Ğ¸Ñ', 'kore tepki', 'coreanos reaÃ§Ã£o', 'í•œêµ­ë°˜ì‘']",ko,40989,1381,0,139,KR,"Foreigner reacts to Filipinos,Foreigner travels to Philippines,Korean React Filipino,React to Filipinos,React to Philippines,React to Pinoy",Yes
Mm2I5N5xfes,2023-03-10T02:40:49Z,UCJWNBOyEz7RU9Zk_7dSZ8gg,Miss Universe Philippines 2023 TOP 10 FAVORITES (March edition),"In this video I present my first prediction for the Miss Universe Philippines 2023 that will happen in May. Who will be the next representative of the country? Comment below

Thanks for watching, guys. Leave a like and subscribe
https://www.youtube.com/missuniversepredictions

Follow me on instagram for Miss Universe updates: https://www.instagram.com/missuniversepredictions

Songs credits:

Song: Alva Gracia - Emotions Like [NCS Release]
Music provided by NoCopyrightSounds
Free Download/Stream: http://NCS.io/EmotionsLike
Watch: http://youtu.be/yfxTYELfGLg

Song: Rival x Asketa & Natan Chaim - Superhero In My Sleep [NCS10 Release]
Music provided by NoCopyrightSounds
Free Download/Stream: http://NCS.io/SuperheroInMySleep
Watch: http://youtu.be/WwNsKseeBWU

Song: MELO.KIDS x EMDI - My Love [NCS Release]
Music provided by NoCopyrightSounds
Free Download/Stream: http://ncs.io/MyLove
Watch: http://youtu.be/5Z_A459fWGY

Song: ""Cartoon - On And On Ft. Daniel Levi (Cheline Remix)""
Music promoted by BreakingCopyright: http://bit.ly/Cheline-OnAndOn

Song: Disfigure - Blank [NCS Release]
Music provided by NoCopyrightSounds
Free Download/Stream: http://ncs.io/blank
Watch: http://youtu.be/p7ZsBPK656s

Song: NIVIRO - The Edge (feat. Harley Bird) [NCS Release]
Music provided by NoCopyrightSounds
Free Download/Stream: http://NCS.io/TheEdge
Watch: http://youtu.be/xr6iSSZs74Q

#MissPhilippines2023
#MissUniverse
#MissUniversePredictions
#MissUniverse2023Wishlist
#72ndMissUniverse
#MissUniverse2023
#BeautyPageant
#Runway
#Swimsuit
#MUPredictions
#MissUniverseCatwalks
#BestPerformances
#MissUniverso
#MissUniversoPrediction
#MUPredictions
#Wishlist
#MissCharm2023
#missgrandinternational2023
#missworld2023
#misssupranational2023",Miss Universe Predictions,"['miss universe', 'miss universe philippines', 'miss universe philippines 2023', 'miss universe predictions', 'miss universe philippines 2023 final', 'miss universe philippines 2023 predicitons', 'siera bearchell', 'alvin sebetero', 'pipe vlogs', 'miss universe philippines leadrboard', 'michelle dee', 'samantha panlilio', 'miss universe philippines top 10', 'celeste cortesi', 'beauty pageant', 'philippines', 'miss universe 2023', 'miss philippines 2023', 'binibining pilipinas 2023', 'muph2023', 'angelique manto']",pt-BR,2267,58,0,26,BR,Top Philippines,Yes
qRd5BG4FSA8,2021-01-29T09:00:13Z,UCrrc2wG-F1mPuah_Lb7FJvg,KOREAN REACTS TO FILIPINO CELEBRITIES! Who is the MOST handsome Filipino for a Korea??,"Hello! This is Kelly.
Today, I reacted and picked the most handsome Filipino on my standard.
It was really difficult choosing the top 1 HAHAHA
I hope you enjoyed the video.
If you have any other suggested video, please comment it down.
Please don't forget to LIKE and SUBSCRIBE ğŸ’– 
Stay safe!!!
---------------
TGBTG ğŸŒŸ
---------------
follow me:
ğŸŒ· instagram: https://www.instagram.com/yeeun.kelly/",ì¼ˆë¦¬ë²¨ìŠ¤Kellybells,"['korean reacts', 'korean ideal-type', 'korean in the philippines', 'international couple', 'korean raised up in the philippines', 'korean likes daniel padilla', 'daniel padilla', 'kellybells', 'korean youtuber in the philippines', 'small youtuber', 'ì´ˆë³´ ìœ íŠœë²„', 'ëŒ€í•™ìƒ ìœ íŠœë²„', 'Jessica Lee', ""El's Planet"", 'vlog', 'ë¸Œì´ë¡œê·¸', 'kpop', 'kelly kim', 'ì¼ˆë¦¬ë²¨ìŠ¤', 'tagalog challenge', 'reaction video', 'jinho bae']",en,4681,165,0,15,KR,"React to Philippines,Top Filipino",Yes
OtCORnXCjxY,2020-10-18T12:03:53Z,UCxOrk9Oi3SetDyZZq8SfPSg,Miss Universe Philippines 2020 Creamsilk Headshots - Top 10 Personal Favorites âœ¨ğŸ‡µğŸ‡­ğŸ˜ | Sights of Cy,"Miss Universe Philippines 2020 candidates for Cream Silk Philippines, they are all gorgeous and they look so beautiful with their headshots but I have chosen my personal favorites based on their headshots:
1) Iloilo City - Rabiya Mateo
2) Davao City - Alaiza Flor Malinao
3) Cebu City - Tracy Maureen Perez
4) Catanduanes - Sigrid Grace Flores
5) Bulacan - Daniella Louise Loya
6) Quezon City - Michele Theresa Gumabao
7) ParaÃ±aque City - Maria Ysabella Ysmael
8) Albay - Paula Madarieta Ortega
9) Bohol - Pauline Amelinckx
10) Taguig City - Sandra Lemonon

Who's your bet in the Cream Silk Headshot guys? Let me know by leaving me a comment below. ğŸ˜

Watch my favorites in the #MissUniversePhilippines arrival look: https://youtu.be/E7-4cImmZck

My reaction video for the newly crowned Miss Universe Thailand 2020, Amanda Chalissa Obdam: https://youtu.be/Ci505YiIf_c

#CreamSilkPhilippines 
#MUP2020
#MissUniversePhilippines2020

Gears used:
ğŸ“¹ Canon EOS M50
ğŸ¥ EF 50mm f/18 STM 
ğŸ™ BOYA-MM1
ğŸ¬ Final Cut Pro X
ğŸ’»Macbook Air
ğŸ–± Logitech M350 Pebble Wireless Mouse

âœ¨âœ¨âœ¨
I'm from Cebu, Philippines and I moved here in Bangkok Thailand 4 years ago. 
My goal is to put some contents that excites Filipinos if they'll ever visit the Kingdom of Thailand. (When this COVID-19 pandemic is over) 
If you have any suggestions on what you want to see here in this channel, please feel free to put in some comments below. I'm reviewing all of them. ğŸ˜‰

Thanks very much,
Cy
ğŸ“¸ Instagram: https://www.instagram.com/sightsofcy",Sights of Cy,"['miss universe philippines 2020', 'miss universe philippines', 'miss universe philippines 2020 winner', 'miss universe philippines creamsilk', 'alaiza malinao miss universe', 'michele gumabao', 'pauline amelinckx bohol', 'rabiya mateo', 'creamsilk new commercial 2020', 'top 10 miss universe philippines 2020', 'miss universe philippines top picks', 'miss universe', 'miss universo 2020', 'miss universo', 'Miss universe philippines 2020 ring light', 'Miss universe philippines 2020 close door interview']",en,5250,191,0,231,TH,Top Philippines,Yes
hXSsMzaopZo,2021-11-09T12:00:32Z,UCQeId4nRsnx62iXv7-6_-OQ,Most Beautiful Philippines Girl,"This video shows the Most Beautiful Philippines Girl.

This video will show you the list of the most attractive Filipino girls one by one.

Our countdown includes:
0:52 Pia Wurtzbach
1:50 Janine Gutierezz
2:53 Maine Mendoza
3:35 Julia Baretto
4:20 Nadine Lustre
5:14 Kathryn Bernado
6:13 Liza Soberano

What is YOUR favorite topic? 

Let us know in the comments! 

Good Luck. Cheers!


-------------

Explore ORZ is the place to find the country's fun facts. 

Facts can be fun. But, it is often related to boringâ€”not present in interesting ways. With our videos, you will find the uniqueness of countries, geography fun facts, and fun facts to share.

For business inquiries email us at:
explore-orz-4376@pages.plusgoogle.com



If you are interested to pick up more fun facts, you may check out below:

â–º LET'S CONNECT WITH Explore ORZ SOCIAL MEDIA:ğŸ‘‡ğŸ‘‡


YOUTUBE: https://www.youtube.com/channel/UCQeId4nRsnx62iXv7-6_-OQ
FACEBOOK PAGE: https://www.facebook.com/exploreorz

BUSINESS INQUIRIES contact us at  explore-orz-4376@pages.plusgoogle.com

#ExploreORZ #MostBeautifulPhilippinesGirl #ExploreORZ


--------------------

â™¥ï¸ â™¥ï¸ â™¥ï¸ If you like our videos, please subscribe to our channel ğŸ‘‡ğŸ‘‡
https://www.youtube.com/channel/UCQeId4nRsnx62iXv7-6_-OQ


â˜…â˜†â˜…  OTHER VIDEOS YOU MIGHT LIKE ğŸ‘‡ğŸ‘‡

â—‹12 Tallest Building In Malaysia
â–ºhttps://youtu.be/qtERPEEtEfI

â—‹6 Tallest Building In Penang
â–ºhttps://youtu.be/1MsWFTJNyd8

â—‹8 Tallest Building In Selangor
â–ºhttps://youtu.be/zKd0TOlhWfM

â—‹11 Tallest Building In Johor
â–ºhttps://youtu.be/oaGTqPaAcHI

â—‹13 Tallest Building In Malaysia Before Petronas Twin Towers
â–ºhttps://youtu.be/LCUAXi6WbUk

â—‹15 Tallest Building In Singapore
â–ºhttps://youtu.be/MLya1WWiVYM

â—‹15 Tallest Building In Indonesia
â–ºhttps://youtu.be/7q0SVLKqJW0

â—‹11 Tallest Building In Surabaya, Indonesia
â–ºhttps://youtu.be/z0HqHqFDrDc

â—‹6 Tallest Building In Tangerang, Indonesia
â–ºhttps://youtu.be/9PB3jN8NKII

â—‹15 Highest Mountain In Malaysia
â–ºhttps://youtu.be/VmTKvvkR-w4

â—‹5 Highest Mountain In Selangor
â–ºhttps://youtu.be/G2l5Nz8Rq0Q

â—‹8 Highest Mountain In Sabah
â–ºhttps://youtu.be/I9zH3UUcIWM

â—‹12 Highest Mountain In Perak
â–ºhttps://youtu.be/vZ43C9BWy2U

â—‹15 Highest Mountain In Pahang
â–ºhttps://youtu.be/NJ6aeKX542U

â—‹12 Highest Mountain In Kelantan
â–ºhttps://youtu.be/w2MhX2Oh55Q

â—‹15 Highest Mountain In Sarawak
â–ºhttps://youtu.be/_zpPPKvDblg

â—‹Largest States And Federal Territories In Malaysia By Area
â–ºhttps://youtu.be/e4c3Za8FMZc

â—‹15 Largest Province In Indonesia
â–ºhttps://youtu.be/qsxlDCuuOOY

â—‹14 Largest Region In Philippines
â–ºhttps://youtu.be/rcOYpBRqjQM

â—‹15 Largest Provinces In Philippines
â–ºhttps://youtu.be/JQdKn_wr3w4",Explore ORZ,"['Most Beautiful Philippines Girl', 'Who is the most beautiful girl in Philippines', 'Who is the most beautiful face in the Philippines', 'Most beautiful Filipino women', 'Top Beautiful Filipino Women', 'Prettiest Young Filipina Female', 'Explore ORZ']",en,81,0,0,0,US,Foreigner impressions of the Philippines,Yes
3Lz2ntvDBFQ,2020-10-21T10:21:03Z,UCRnUerHPnis0OpBMZzIJCbg,Miss Universe Philippines 2020 TOP 5 BEST!,"TOP 5 BEST MISS UNIVERSE PHILIPPINES 2020!
-ACTIVATE ENGLISH SUBTITLES!
PREDICTION TOP 5 MISS UNIVERSE PHILIPPINES!
#MissUniversePhilippines #MissUniversePhilippines2020 #MissUniverse #MissUniverse2020",Pipe Vlogs,"['à¸¡à¸´à¸ªà¸ˆà¸±à¸à¸£à¸§à¸²à¸¥à¹„à¸—à¸¢à¹à¸¥à¸™à¸”à¹Œ', 'Mut 2020', 'miss universe thailand 2020', 'miss universe thailand', 'zozibini tunzi', 'miss universe 2020', 'julia gama', 'miss brasil 2020', 'ayu maulida', 'miss colombia 2020', 'Praveenar Singh', 'Amanda Obdam', 'puteri indonesia 2020', 'binibining pilipinas 2020', 'miss universe philippines', 'MISS GRAND THAILAND', 'miss universe colombia', 'miss universo 2020', 'alaiza malinao', 'michele gumabao', 'miss universe philippines 2020', 'sandra lemonon']",es-419,53576,696,0,180,CO,Top Philippines,Yes
YFOx5_ozQH8,2021-07-15T20:57:38Z,UCSKyr0rInDNW2jAWKVy4OcA,Celebrities You Didn't Know Were Filipino,"We ranked the Celebrities You Didn't Know Were Filipino!

ABOUT THIS VIDEO 
Thereâ€™s no denying; Filipino pride is taking over the world! And the entertainment industry is all the better for it, because diversity and representation has never been more important. Hey, even Lucifer has jumped into the Filipino bandwagon! But boxing legend Manny Pacquiao and theater icon Lea Salonga are hardly the only Filipinos that have made a name for themselves in the US. Letâ€™s get to know these 10 Celebrities You Didnâ€™t Know Were Filipino! 

So, which of these A-listers are you dying to meet in person? Let us know in the comments section below!

Now let us take you on a virtual vacation as we countdown the 10 Places Where the Earth Acts in Mysterious Ways! Just click the link you see on your screen. Click the link! ğŸ‘‰:https://go.discoveryamuse.com/p7

CHECK OUT OUR MOST POPULAR VIDEOS! 
â¤ Incredible People! https://go.discoveryamuse.com/p1   
â¤ Unbelievable Animals! https://go.discoveryamuse.com/p2
â¤ WTF Caught-on-Cam Moments! https://go.discoveryamuse.com/p3 

JOIN THE DISCOVERY AMUSE FAMILY! 
Like and follow us on Facebook! ğŸ‘‰ https://go.discoveryamuse.com/facebook
Subscribe and hit the notification bell! ğŸ‘‰ https://go.discoveryamuse.com/subscribe

LEGAL STUFF 
â¤ Unless otherwise created by Discovery Amuse, licenses for music, images and footages in the video are obtained from the following sources: https://go.discoveryamuse.com/legal
â¤ Disclaimer: Links in this description might be affiliate links. If you purchase a product or service with the links provided, we may receive a small commission. There is no additional charge to you! This helps support the channel so we can continue to provide you with free content each day! Thank you for the support!
â¤ For all business or copyright inquiries, contact: info@discoveryamuse.com

ABOUT US 
Discovery Amuse is your one-stop channel for all things mind-blowing. Our countdown of the craziest stories will have you feeling all the feels.

#discoveryamuse #viralstory #filipino",Discovery Amuse,"['tonight show', 'jimmy fallon', 'olivia rodrigo', 'teams up', 'biden', 'rudy giuliani', 'drunk call', 'trump', 'nbc', 'nbc tv', 'television', 'funny', 'talk show', 'comedic', 'humor', 'snl', 'tonight', 'show', 'jokes', 'funny video', 'interview', 'variety', 'comedy sketches', 'talent', 'celebrities', 'video', 'clip', 'highlight', 'drivers license', 'all i want', 'wondering', 'good for u', 'joe biden', 'white house', 'politics', 'news', 'current news', 'donald trump', 'president', 'vice president', 'capitol', 'insurrection', 'trump investigation', 'giuliani']",en,1315124,20339,0,1150,US,"Foreigner reacts to Filipinos,Foreigner speaks Filipino,Foreigner vlog Philippines,Foreigner vlog Philippines,Love Filipino,Top Filipino,Try Filipino Food,Try Filipino Food,Visit Filipino",Yes
vyezxhPOZsg,2020-08-12T10:15:01Z,UChoyPLPxhJ3SgSbdRQ0m4RQ,Top 10 Most Expensive Gifts Of Filipino Celebrities,"Top 10 Most Expensive Gifts Of Filipino Celebrities and Ridiculously Expensive Celebrity Gifts Of Pinoy Celebrities. Deciding on the perfect gift to give a loved one can be difficult. We here at Top 10 World compiled a list of the most extravagant gifts received and given by rich and famous Filipino Stars. From an expensive wedding dress to an expensive Diamond ring we have included all the most outrageous celebrity gifts. Enjoy!
#gifts #expensive #filipino",Top 10 World,"['Top 10', 'Top 10 World', 'top10world', 'Filipino', 'Expensive Celebrity Gifts', 'gift', 'Celebrities Gift', 'outrageous celebrity gifts', 'most expensive', 'Gifts Of Pinoy Celebrities', 'Celebrity Gifts', 'expensive gifts of celebrities', 'top gifts', 'gifts of filipino', 'Most Expensive Gifts', 'Most Expensive Gifts Of Filipino Celebrities', 'Gifts Of Filipino Celebrities', 'Top 10 Most Expensive Gifts', 'top expensive gifts', 'most extravagant gifts', 'gifts received', 'gifts given', 'expensive gift', 'expensive wedding']",en,5907,55,0,3,NP,Top Filipino,Yes
f0rq_-Wupeg,2022-06-13T08:16:05Z,UCAtoU5rzWIGE9WMj7aVdUrg,Top 10 Most Beautiful Filipino Women in 2022,"About Top 10s

Top 10 Most Beautiful Filipino Women in 2022
10. Laura Lehmann
9. Katarina Rodriguez
8. Mutya Johanna Datul
7. Kelsey Merritt
6. Rabiya Mateo
5. Janella Salvador
4. Ivana Alawi
3. Julia Barretto
2. Liza Soberano
1. Silvia Cortesi





Like & Subscribe the Channel

Thank You for Your Support",Top 10 Today,[],en,756,10,0,0,PK,Top Filipino,Yes
sXsHYugynnI,2023-08-11T10:36:39Z,UCfXT2sohC0RuRDBo49ARTuQ,Top 12 Most Followed Filipino Celebrities on Social Media 2023,"Top 12 Most Followed Filipino Celebrities

Here are the top 12 rank list of Filipino celebrities who have a huge following on their social media accounts and platforms based on their combined number of followers on Facebook, Instagram, YouTube, Twitter, and TikTok.

1. Ivana Alawi
2. Vice Ganda
3. Anne Curtis
4. Andrea Brillantes
5. Zeinab Harake
6. Raffy Tulfo
7. Alex Gonzaga
8. Angel Locsin
9. Marian Rivera
10. Kim Chiu
11. Kathrym Bernardo
12. Heart Evangelista

most followed filipino celebrities on social media
most followed filipino youtuber
most famous celebrity in philippines
most followed filipino on tiktok
celebrities that are filipino
the most followed person on social media
most hated filipino celebrities
famous person on social media
most subscribed filipino channel
most famous person in philippines
most followed filipino celebrities on instagram
most followed filipino celebrity on facebook
who is the most followed filipino celebrity in instagram
celebrities with most followers on social media
most followed filipino on facebook
which celebrity has the most followers on social media
celebrities with highest social media followers
most followed filipino celebrity on youtube
0 following celebrities
3 popular social media influencers
5 most followed tiktokers
most followed people on social media
most followed person on social media
most followed on social media
most followed on social media list
most followed filipino in instagram
most followed filipino tiktoker
celebrities social media
most followed celebrity in philippines
unfollow celebrities social media
celebrities on social media
most followed celebrities on ig
celebrities no social media
celebrities not on social media
social media celebrities
most followed filipino instagram
celebrities of social media
filipino celebrities tiktok account
filipino celebrities tiktok
most handsome filipino celebrity

#mostfollowedfilipinocelebrityonfacebook  
#mostfollowedfilipinocelebritiesoninstagram #mostfollowedfilipinocelebrities #mostfollowedfilipinocelebrity  
#mostfollowedfilipinosontwitter
#IvanaAlawi #ViceGanda #AnneCurtis #AndreaBrillantes #ZeinabHarake #RaffyTulfo #AlexGonzaga #AngelLocsin #MarianRivera #KimChiu #KathrynBernardo #heartevangelista",Ay Kaptyur,"['Ivana Alawi', 'Vice Ganda', 'Anne Curtis', 'Raffy Tulfo', 'Alex Gonzaga', 'Angel Locsin', 'Marian Rivera', 'Heart Evangelista', 'most followed filipino celebrity on instagram', 'most followed person on instagram', 'most followed on youtube', 'most followed tiktok account', 'most followed person on facebook', 'most followed celebrity on instagram in philippines', 'most followed kpop idol on instagram', 'most followed person on tiktok', 'most followed youtube channel', 'most followed person on instagram 2023']",en,2570,37,0,2,US,Top Filipino,Yes
DFX3IvmoO18,2023-08-17T00:33:18Z,UCfXT2sohC0RuRDBo49ARTuQ,Top 12 Most Awarded Filipino Celebrities of All Time,"Discover the most awarded Filipino celebrities of all time in both acting and singing. From television to movies and music, these talented artists have received numerous accolades and recognition for their exceptional performances. Join us as we celebrate their achievements and impact on Philippine entertainment.

Here are the 12 most awarded Filipino celebrities of all time:

1. Nora Aunor - 329 awards
2. Sarah Geronimo - 238 awards
3. Maricel Soriano - 209 awards
4. Angel Locsin - 185 awards
5. Kathryn Bernardo - 176 awards
6. Daniel Padilla - 132 awards
7. Vilma Santos - 124 awards
8. Piolo Pascual - 118 awards
9. Toni Gonzaga - 118 awards
10. John Lloyd Cruz - 118 awards
11. Alden Richards - 116 awards
12. Coco Martin - 110 awards

most awarded filipino celebrities,
top 10 filipino celebrities,
most beautiful celebrity in the philippines,
most beautiful filipina actress,
most hated filipino celebrities,
famous filipino celebrities,
best filipino actors and actresses,
best filipino actors,
filipino actress and actors,
filipino celebrities with korean celebrities,
celebrities half filipino,
famous filipino actors,
famous half filipino celebrities in hollywood,
filipino celebrities in america,
filipino celebrity debut,
famous filipino actress,
filipino celebrities,
guess filipino celebrity ages,
half filipino celebrities,
half filipino hollywood stars,
half filipino hollywood celebrities,
filipino actors international awards,
filipino celebrities in korea awards,
most awarded korean actor,
half filipino actors,
most handsome filipino celebrities,
most famous actress in philippines,
old filipino celebrities,
old filipino actors,
old filipino actors and actresses,
philippines movie stars,
the most beautiful filipina actress,
top 10 filipino actors,
top 10 filipino actress,
filipino celebrities in usa,
half filipino american celebrities,
international celebrities with filipino blood,
filipino celebrities then and now,
filipino then and now,
top 10 beautiful filipina actress
most awarded filipino celebrities
most awarded filipino actor
most awarded filipino actress
most followed filipino celebrities on instagram
most awarded filipino film
who is the most famous filipino actor
who is the most famous filipino american
most famous filipino actors
popular filipino celebrities
most awarded filipino singer
most awarded filipina actress
most famous filipino actresses
most famous filipina
the most famous filipino actor
most popular filipino actors
philippines most famous song
quarter filipino celebrities
who is the most famous filipino singer
the most awarded female artist
who has won most cy young awards
10 most beautiful filipina actresses
1/4 filipino celebrities
filipino most powerful race
5 personas famosas de cuba
5 most popular celebrities
most awarded filipino celebrities most beautiful celebrities philippines filipino celebrity scandals filipino celebrities top 10 richest filipino celebrities filipino celebrities who have scandal celebrities that are filipinos rating filipino celebrities filipino celebrity celebrities filipino celebrity that are filipino celebrities mixed filipino celebrities i find unattractive filipino celebrities that are filipino celebrities that are full filipino celebrities who are filipino celebrities are filipino famous filipino celebrities guess the filipino celebrity net worth of filipino celebrities filipino male celebrities young filipino celebrities rating filipino celebrities in my flight famous filipino celebrities scouted highest paid filipino celebrities most handsome filipino celebrity guest the filipino celebrities most awarded filipino actors filipino celebrities birthday filipino celebrities in public bm freestyle bm kard committee bm dances bm london view slowed filipino american celebrities bmab beautiful filipino celebrities filipino celebrities with most children brazilian celebrities rich filipino celebrities comparing filipino celebrity filipino celebrities girl half filipino celebrities handsome filipino celebrities most awarded chinese actress filipino celebrity women most beautiful celebrities asian impersonating filipino celebrities famous celebrities that are filipino mostlikelytosiblingschallenge mostlikelytofriendgroupedition most disturbing accounts on tiktok most famous filipino tiktokers celebrities that are half filipino filipino celebrities kids most beautiful filipino actresses filipino tiktok celebrities celebrities with filipino desserts material filipino celebrities filipino celebrities name most popular video celebrities 3 rating celebrities i've met filipino philippines brad pitt oscars 2023 eva mendes grammy performances oscar winners filipino shows inspire award science projects 2023 award show 2023 inspire award behindwoods awards 2023 filmware awards 2023 full show oscar song what channel is the billboard music awards on kerala state film awards

#mostawardedfilipinocelebritiesofalltime #television #movies #music #entertainment #acting #singing",Ay Kaptyur,"['Filipino celebrities', 'awards', 'acting', 'singing', 'television', 'movies', 'music', 'entertainment', 'philippines', 'brad pitt', 'oscars 2023', 'eva mendes', 'grammy performances', 'oscar winners', 'filipino shows', 'inspire award science projects 2023', 'award show 2023', 'inspire award', 'behindwoods awards 2023', 'filmware awards 2023 full show', 'oscar song', 'what channel is the billboard music awards on', 'kerala state film awards 2023', 'iifa awards 2023 full show', 'niel nitin mukesh angry in award show', 'rajinikanthentry']",en,11278,245,0,116,US,Top Filipino,Yes
