Video Id,Publish Date,Channel Id,Video Title,Video Description,Channel Title,Video Tags,Default Audio Language,Video Views,Video Likes,Favorite Count,Comment Count,Channel Country,Query,Caption Saved
BMCKKkbhQpc,2021-11-16T04:51:47Z,UCp17yfUHfvmjHpHa0xKOmig,I renewed passport to visit the Philippines. How long does it take ?,"#MRBULBUL
Business or collaboration suggestion :  k071544@gmail.com
Instagram : https://www.instagram.com/mrbulbul_official
Facebook : https://www.facebook.com/MisterBulBul

Join this channel to get access to perks:
https://www.youtube.com/channel/UCp17yfUHfvmjHpHa0xKOmig/join",Mr BulBul,"['KOREAN', 'FILIPINO', 'FOOD', 'MR BULBUL', 'passport', 'renewal', 'embassy', 'airport', 'tourism', 'visa', 'Ïó¨Í∂å', 'Í∞±Ïã†', 'ÎåÄÏÇ¨Í¥Ä', 'ÎπÑÌñâÍ∏∞', 'Ïó¨Ìñâ', 'Ìï¥Ïô∏Ïó¨Ìñâ', 'ÎπÑÏûê', 'yt:cc=on']",en,33101,1197,0,157,KR,Visit Philippines,Yes
ZXRChhajpic,2023-02-17T09:17:26Z,UCATEfq-fUMoK-zftoyppJqA,They Dint Fell SAFE in Philippines | REACTION VIDEO,"If you're thinking of traveling to the Philippines, be prepared for some Everthing! In this video, I take a look at some of the first foreigners' reactions to the Philippines and give you my honest opinion.

No matter what you think of the Philippines, it's definitely worth a visit!


Emy & Johan in the Philippines
https://www.youtube.com/watch?v=mwFU88IBe0s

#philippines #reaction #leemanthomas",Leeman reacts,"['foreigners‚Äô first opinions about philippines', 'philippines travel', 'manila', 'travel vlog', 'leeman thomas', 'reaction video', 'vlog', 'vlog reaction', 'leeman reacts', 'philippines', 'philippines reaction', 'philippines vlog', 'philippines vlog reaction', 'react']",en,805,33,0,12,IN,"American React Filipino,React to Philippines",Yes
yv8Bi2xcSK4,2023-12-18T14:38:41Z,UCPGDvVGtdbkJgnWmSXLXI1A,Italian/Arab Twins react to PHILIPPINES or INDONESIA-Which Country is Better? Part 2,"#philippines 
#indonesia 
ORIGINAL VIDEO: https://www.youtube.com/watch?v=t1dlEb5isgo",Twins SF,[],en,228,12,0,5,IT,React to Philippines,Yes
9XZDbjG2Hf8,2018-02-04T06:00:31Z,UC2vcjazcVurVmpn5svBRA-Q,MALAYSIA or PHILIPPINES - Which Country Is Better?,"MALAYSIA or PHILIPPINES - Which Country Is Better?
SUBSCRIBE: http://bit.ly/SubscribeFtdFacts
INSTAGRAM: https://www.instagram.com/ftdonline/

Malaysia is the 45th most populated country in the world. The population of the Philippines has been steadily growing for many years. It is the 12th most populated country in the world. Which country do you think is better?

Support us on Patreon: https://www.patreon.com/FtdFacts

WATCH MORE FTD FACTS:

MALAYSIA or PHILIPPINES - Which Military Is Better?:
https://www.youtube.com/watch?v=KfV01QJ3O7c&index=24&list=PLrTDMO7p7cZ2szus4KkhvtqLRv_wFGR-z

INDIA or NEPAL - Which Country Is Better:
https://www.youtube.com/watch?v=loIYw2IWhLk&index=3&list=PLrTDMO7p7cZ2szus4KkhvtqLRv_wFGR-z

LATEST UPLOADS:
https://www.youtube.com/watch?v=eIEyP6RLvwY&list=PLrTDMO7p7cZ03lPlXBYPDGgBZec-WhDXr

POPULAR VIDEOS:
https://www.youtube.com/watch?v=YauGaMeC0G4&list=PLrTDMO7p7cZ3Z6k8wVF9YwIwc9p3i1jLf


FOLLOW US:

Leroy Kenton: https://www.instagram.com/ftdonline/

Facebook: https://www.facebook.com/ftdonline

Twitter: https://twitter.com/ftdonline

FTD Facts brings you the most interesting facts about countries, people, history, and more. New videos uploaded daily!!",FTD Facts,"['the Philippines', 'Philippines', 'manila', 'vlog', 'travel philippines', 'top 10 philippines', 'philippines vlog', 'philippines movies', 'philippines travel', 'philippines girls', 'philippines language', 'Which Country Is Better', 'FTD Facts', 'FTD Facts Philippines', 'Malaysia', 'malaysian food', 'MALAYSIA or PHILIPPINES - Which Country Is Better', 'facts', 'filipino']",en,357305,4517,0,5820,CA,"Foreigner React Filipino,Foreigner reacts to Filipinos,React to Filipinos,React to Philippines,React to Pinoy,Visit Filipino,Visit Philippines",Yes
CBmNk9pSsy4,2017-04-16T02:00:01Z,UCnHvT1RSRloq0xYAB8Q6_4g,How Long Does It Take To Be A Doctor In The Philippines? || DoktAURA,"The Road to MD - How long does it take to be a doctor in the Philippines? 

A must watch video for aspiring doctors. The steps to becoming a physician is not always the same in every country. In the Philippines, this is the minimum:
- 4 years pre-med / college
- 4 years med school
- 1 year internship
- Physician Licensure Exams
- 3-5 years residency
- 2-3 years fellowship  

I actually wrote about this in my blog a few years ago! Read a written version here -  http://auraazarcon.com/medschooltips/how-long-does-it-take-to-be-a-doctor-in-the-philippines/

SUBSCRIBE FOR WEEKLY VIDEOS!

FIND ME ELSEWHERE
Blog - http://auraazarcon.com
Twitter - http://twitter.com/auraroo
Instagram - http://instagram.com/auraroo
Email - auraazarcon@gmail.com",DoktAURA,"['how long does it take to be a doctor in the philippines', 'how to be a doctor in the philippines', 'timeline to become a doctor', 'steps to become a doctor', 'path to become a doctor', 'how to be a physician', 'timeline for physicians', 'how to be a doctor when you grow up', 'how to be a doctor', 'filipino doctor', 'med school vlog', 'filipino medical student', 'medicine in the philippines', 'aura azarcon', 'aura pbb', 'doktaura', 'aura azarcon vlog', 'medical school', 'med student']",en,422643,21538,0,1341,US,"First time Philippines,Top Philippines,Visit Philippines",Yes
MlGE038jc4k,2017-05-16T10:10:14Z,UCixD9UbKvDxzGNiPC_fgHyA,Drones Illegal in Philippines | How to avoid Airport Confiscation,"Is it illegal to fly a drone in the Philippines?  Are drones illegal in the Philippines? Yes, if you don't have written permission from the Civil Aviation Authority of the Philippines (CAAP).  These are the drone laws in the Philippines. 

I contacted the CAAP before I went to the Philippines to request permission to fly my drone also known as an Unmanned Aerial Vehicle (UAV).  It will take about 1-2 weeks to get permission from the CAAP so you may need to plan ahead before you leave for your trip.

The CAAP also noted that Airport customs may confiscate your drone if you don't have written permission from the CAAP to fly the drone in the Philippines.  Furthermore, the Airport Customs may charge you an import tax of 100,000 PHP (about 2000 USD).  This is video shows you what you need to know bring your drone to the Philippines.  I hope this video helps.  If you liked the video, please hit that like button and if you want to see other videos, consider subscribing.  Hope to see you again.  

Civil Aviation Authority of the Philippines
- http://www.caap.gov.ph/
_________________________
Update: Aug 14 2017 - I received an email from the CAAP today. They've changed their policy since the making of this video a few months ago and I wanted to share the good news with you guys.  

Dear Sir/Madam:
 
Greetings from the Civil Aviation Authority of the Philippines!
 
Please be informed that the Bureau of Customs (BOC) and this Authority had a discussion regarding the importation of Remotely Piloted Aircraft System (RPAS) or commonly known as drones, to the Philippines.
 
During the discussion, both government agencies agreed that AUTHORIZATION for the importation of drones to the Philippines is no longer required. However, all RPAS owners and/or operators, whether engaged in commercial or non-commercial operations shall strictly adhere to the provisions stipulated in Philippine Civil Aviation Regulations Part 11; 11.11. (Electronic copy of PCAR Part 11 is attached)
 
Moreover, this Authority has also requested the BOC to advise all customs personnel in NAIA Terminals and other concerned offices not to require drone importers to secure an import clearance/permit from the Civil Aviation Authority of the Philippines.
 
Should you require further inquiries, you may call the Flight Operations Department of the Flight Standards Inspectorate Service at Tel.: (+63) (02) 944-2172.

Wilhelmino E. Guevara, Jr.
Assistant Aviation Safety Inspector
FOD-FSIS, CAAP
___________________________-
CAAP UAV Memorandum (latest one I could find on their website - but I did receive a later version from 2015)
- http://www.caap.gov.ph/index.php/downloads/send/115-2014/443-mc-35-14-amendment-to-pcar-part-4-11unmanned-aerial-vehicle-uav

For drone inquiries and requests, please contact:
- flightoperations@caap.gov.ph
- weguevarrajr@caap.gov.ph

If you don't get a response from the above emails you can also try:
odg@caap.gov.ph
els@caap.gov.ph
rsd@caap.gov.ph

For a copy of my request template:
https://www.tokyozebra.com/blog/drones-illegal-in-philippines


//My Drone Gear//

- DJI Mavic Pro
(USA Link) http://amzn.to/2mM6LrH
(International) http://geni.us/5bDaE

- SanDisk Extreme Pro 64 GB MicroSD Card
(USA Link) http://amzn.to/2pwH66r
(International) http://geni.us/JXnUZ

- Lens Hood - Option 1
(USA Link) http://amzn.to/2pNPNw7
(International) http://geni.us/YIVpRY

(Please note: The sides will come into view when you quickly yaw/pitch or in sports mode)

- Lens Hood - Option 2
(Japan Link) http://amzn.to/2oXhXQb
(International) http://geni.us/nTcBJD

- Extra Batteries
(USA Link) http://amzn.to/2pO3cnR
(International) http://geni.us/E8ecM

- Advanced Charging Hub
(USA Link) http://amzn.to/2qocfJb
(International) http://geni.us/BevsUv

- Camera Bag (Similar to my bag)
(USA Link) http://amzn.to/2oZUC18
(International) http://geni.us/HrYRSf

Get my Tokyo & Japan Merch and show your support! 
- https://tokyozebra.com/mrch

___ Tokyo Zebra: My 2nd YouTube Channel ___
See My Life in Japan behind the scenes
- https://www.youtube.com/tokyozebra

Questions about Japan or Japan Travel? Get answers and chat with my Discord Community
- https://paolofrom.tokyo/discord

___ Channel Support ___
Want to help SUPPORT my channel, buy me a BEER or Maiko and I DINNER?  Thank you in advance!

- PayPal: https://www.paypal.me/paolofromtokyo

Join YouTube Channel Memberships 
- https://www.youtube.com/paolofromtokyo/join

___ Help with Subtitles / Closed Captioning ___
- https://paolofrom.tokyo/cc

___ Business ___

Want me to feature your business in my video?
business@tokyozebra.com

Want to send me stuff?
For ADDRESS 
- https://www.tokyozebra.com/address
 

___ My Film Gear ___ 
(Affiliate Links Used - I may receive commission from products purchased)

- For a complete list of my gear:
https://www.tokyozebra.com/my-gear/

Access to Music in video:
http://share.epidemicsound.com/zsbS8",Paolo fromTOKYO,"['„Éâ„É≠„Éº„É≥ÊåÅ„Å°Ëæº„Åø „Éï„Ç£„É™„Éî„É≥', 'DJI Mavic Drone', 'UAV', 'Flying drone in the Philippines', 'Is flying a drone illegal in the philippines', 'CAAP', 'abc', 'Civil Aviation Authority of the Philippines', 'Philippine drones', 'Illegal drones', 'drone confiscated', 'airport customs', '„Éï„Ç£„É™„Éî„É≥ „Éâ„É≠„Éº„É≥', '„Éâ„É≠„Éº„É≥Áî≥Ë´ã', 'drone import tax', 'drone tax', 'drone laws', 'drone fines', 'philippines drone laws', 'drone restrictions', 'drone permissions', 'drone regulations', 'UAV Laws', 'Unmanned Aerial Vehicle']",en,138543,1911,0,459,JP,"Foreigner impressions of the Philippines,Foreigner reacts to Filipinos,Top Philippines,Visit Philippines",Yes
TgCFbzBZakI,2018-10-03T07:16:00Z,UCe3PDv7F4Uex3ii9zdMbvWQ,Philippines Immigration: 2 Things To Know For Long-Term Stays,"Life in the Philippines, Dating in the Philippines and How To Retire in the Philippines with Reekay at Life Beyond The Sea.
Consider being a LifeBeyondTheSea Channel Member to support my efforts.  :)
https://www.youtube.com/channel/UCe3PDv7F4Uex3ii9zdMbvWQ/join
=========
LINKS:
How I send Money to the Philippines.. https://remit.ly/1amhoix
Loctote Flak Sack ‚Ö° - Anti Theft Backpack.. https://amzn.to/3tXuBDk

The Only Filipina Dating Site I recommend.. https://bit.ly/christian-filipina-dating
My Official LifeBeyondTheSea Merch Store.. https://reekays-lifebeyondthesea.creator-spring.com/

My New Late Night Podcast Channel.. https://www.youtube.com/c/LATENIGHTWithReekay
My Free Crypto Daily Investor's Group.. www.facebook.com/groups/cryptodaily.withreekay

Reekay's Healthy Habits FB Group.. https://www.facebook.com/groups/reekay.healthyhabits
My FB group for travel news updates.. https://www.facebook.com/groups/expats.in.asia.news.chat

View My Videos by Category here.. http://bit.ly/reekays-video-playlists
Reekay's Expat Hangout.. https://www.facebook.com/groups/reekays.expat.hangout

If you find my content helpful, tips are welcome.  :)
https://www.paypal.com/paypalme/reekay
===========
FIND ME AT;
My FB page.. https://www.facebook.com/reekay.new
My Twitter.. https://twitter.com/enricosuave
My main-blog.. http://www.lifebeyondthesea.com
_____________________________________________________________________
This channel contains affiliate links that support the channel at no
extra cost to you.  Thanks for your support!
Some music may be provided by;
Creative Commons Music by Jason Shaw on https://audionautix.com
_____________________________________________________________________
#philippines #expatlife #travel #cebu #vietnam #expatlife #reekay #lifebeyond #retirement #rtired",LifeBeyondTheSea - Philippines,"['philippines immigration and customs', 'philippines immigration airport', 'philippines immigration 2018', 'philippines immigration questions', 'exit clearance philippines airport', 'exit clearance certificate', 'exit clearance philippines 2018', 'exit clearance philippines', 'exit clearance certificate philippines', 'philippines immigration', 'cebu immigration', 'manila immigration', 'philippines immigration office', 'life beyond the sea', 'reekay life beyond the sea', 'life beyond the sea philippines']",en,29802,966,0,144,US,Foreigner impressions of the Philippines,Yes
I5PDOjBfC3A,2019-01-20T18:27:33Z,UCe3PDv7F4Uex3ii9zdMbvWQ,How To Get A Vietnam Visa - Short & Long Term,"Life in the Philippines, Dating in the Philippines and How To Retire in the Philippines with Reekay at Life Beyond The Sea.
Consider being a LifeBeyondTheSea Channel Member to support my efforts.  :)
https://www.youtube.com/channel/UCe3PDv7F4Uex3ii9zdMbvWQ/join
=========
LINKS:
How I send Money to the Philippines.. https://remit.ly/1amhoix
Loctote Flak Sack ‚Ö° - Anti Theft Backpack.. https://amzn.to/3tXuBDk

The Only Filipina Dating Site I recommend.. https://bit.ly/christian-filipina-dating
My Official LifeBeyondTheSea Merch Store.. https://reekays-lifebeyondthesea.creator-spring.com/

My New Late Night Podcast Channel.. https://www.youtube.com/c/LATENIGHTWithReekay
My Free Crypto Daily Investor's Group.. www.facebook.com/groups/cryptodaily.withreekay

Reekay's Healthy Habits FB Group.. https://www.facebook.com/groups/reekay.healthyhabits
My FB group for travel news updates.. https://www.facebook.com/groups/expats.in.asia.news.chat

View My Videos by Category here.. http://bit.ly/reekays-video-playlists
Reekay's Expat Hangout.. https://www.facebook.com/groups/reekays.expat.hangout

If you find my content helpful, tips are welcome.  :)
https://www.paypal.com/paypalme/reekay
===========
FIND ME AT;
My FB page.. https://www.facebook.com/reekay.new
My Twitter.. https://twitter.com/enricosuave
My main-blog.. http://www.lifebeyondthesea.com
_____________________________________________________________________
This channel contains affiliate links that support the channel at no
extra cost to you.  Thanks for your support!
Some music may be provided by;
Creative Commons Music by Jason Shaw on https://audionautix.com
_____________________________________________________________________
#philippines #expatlife #travel #cebu #vietnam #expatlife #reekay #lifebeyond #retirement #rtired",LifeBeyondTheSea - Philippines,"['reekay', 'lifebeyondthesea', 'philippines', 'travel', 'retirement', 'advice', 'vietnam', 'hcmc', 'saigon', 'southeast', 'asia', 'vietnam visa', 'vietnam visa on arrival', 'travel vlog', 'vietnam immigration', 'vietnam visa online', 'vietnam visa application', 'visa to vietnam', 'visa on arrival', 'vietnam border run', 'how to get vietnam visa', 'vietnamese visa', 'travel to vietnam', 'vietnam visa run', 'border run', 'vietnam visa easy', 'ho chi minh airport', 'visa for vietnam', 'vietnam visa process', 'vietnam tourist visa']",en,22970,753,0,141,US,Foreigner impressions of the Philippines,Yes
Dxcj73yBJus,2021-10-19T22:15:23Z,UCPNBc7ZRwmgk1I6j_lenAfw,Life In The Philippines Breaking News Govt Expands New Alert Level System Beyond Metro Manila,"Life In The Philippines Breaking News Govt Expands New Alert Level System Beyond Metro Manila. The government will expand the implementation of its new alert level system beyond Metro Manila starting Wednesday, Oct. 20, Malaca√±ang announced Tuesday.
Presidential spokesperson Harry Roque reviewed the new Alert Levels.

BobbieD And LisaD Life in the Philippines  Similar Videos:  
Life In The Philippines Breaking News Philippine Air Bankrupt
https://youtu.be/D9VzCufzRlY

Life In The Philippines Breaking News Airline Fights Banned
https://youtu.be/2OkLQDBcq3g

Join this channel to get access to perks:
https://www.youtube.com/channel/UCPNBc7ZRwmgk1I6j_lenAfw/j

We have 2 new YouTube Channels check them out:
BobbieD Travels: https://bit.ly/3a91anL
BobbieD  Shorts: https://bit.ly/2QOAjXr

VIDEO CHAPTERS
00:00 The government will expand the implementation of its new alert level
00:11 Welcome to Life In The Philippines News, I'm BobbieD
00:14 Today's headline Govt Expands New Alert Level System
00:35 Alert Level 4
00:42 Alert Level 3
00:49 Alert Level 2
01:06 Alert Level 1
            
VIDEO FOCUS:
In this video, we show you The Philippines' new Alert Level System.

Tools and services I recommend:
My Favorite Philippines Dating Website: Christian Filipina - Use this link to get signed up: https://www.christianfilipina.com?affid=1318

My favorite tagging, channel growth, and management tool for Youtubers -  http://bit.ly/2qMoW4C

My favorite way to transfer money: Transferwise is to get funds transferred from other countries to the Philippines at the lowest rate possible. Your first transfer is FREE! https://transferwise.com/u/d69391

Disclaimer: Some of these links go to one of my websites and some are affiliate links where I'll earn a small commission if you make a purchase at no additional cost to you.

( Our website):
http://bit.ly/2N1PTc7

QFTD: What's your opinion of the Philippines ' new alert system? Leave your comments for me in the comments section of this video. And remember to like share and subscribe. Subscribe to our channel for more free Philippines, Motivational, and Worldwide Videos: http://bit.ly/2WYS5pd.

Recommended playlists:
Learn About Province Life In The Philippines
https://bit.ly/2y1KWNx

Learn About Philippines Immigration/Visas/ACI-R card
https://bit.ly/365uYyw

Learn About Philippines Crime
https://bit.ly/2Wy1Sol

Learn About Dating/Romance
https://bit.ly/3fRqhgi

For business, inquiries contact me at bdix004@gmail.com

Popular Videos:
Steve Bannon Has A Head-Turning Prediction About Trump
https://bit.ly/3lFYYHt

How To Spot Lies And Deceit In A Filipina 
https://bit.ly/3qA8EabM

Buying A Laptop In The Philippines
https://bit.ly/3mF2JOF

Real And Present Dangers In The Philippines
http://bit.ly/1PnYC1h

Social Media Contact Information:
Personal Facebook Page: http://bit.ly/25LZ0QR

Philippines Connection Facebook Fan Page: http://bit.ly/2UObPdi
Instagram at: https://bit.ly/3cAQU6Y

Follow us on Twitter at http://bit.ly/2N0BAEO

YouTube Channel: http://bit.ly/2WYS5pd

Life In The Philippines Website: http://bit.ly/2N1PTc7

Our channel is dedicated to providing Philippines videos, motivational and worldwide videos. I'm a Black expat (African American) dwelling in Cebu City Philippines. I work online gigs with Fiverr and Upwork for money.

In many of my videos, I share tips on how to make a living in the Philippines. Whenever you move to the Philippines you will need to live on a budget. I also have videos on the cost of living in the Philippines. Being a Black person in the Philippines comes with both its rewards and challenges because of your skin color.

I'm married to a beautiful Filipina. Her name is LisaD. She is lovely both inside and out. We have an interracial marriage and work hard at maintaining a good relationship. I have videos online and offline dating Filipinas in the Philippines and what it takes to maintain a long-distance relationship (LDR). Dating and romance in the Philippines are important also. We do worldwide and motivational videos too. In addition, we do Life In The Philippines News and Life In The Philippines Breaking News videos. Our Playlist, Life In The Philippines Relationship Tips is awesome.

We've discovered that there's are many poor people here. Poverty in the Philippines is abundant. We do food drives on the channel and give out food to those in need. It's a way of giving back to those who are less fortunate. We believe in God. He is our provider. As he provides for us we bless others by sharing our blessings.

#LifeInThePhilippinesBreakingNewsGovtExpandsNewAlertLevelSystemBeyond 
#ThePhilippinesConnection
#BOBBIED
#BOBBIEDTRAVELS
#BOBBIEDSHORTS
#LisaD
#LoveTrainNation
#LoveTrain

-~-~~-~~~-~~-~-
Please watch: ""A Real Man Has Nothing To Hide"" 
https://www.youtube.com/watch?v=D9tC3H_09aM
-~-~~-~~~-~~-~-",The Love Train Nation,"['Life In The Philippines Breaking News Govt Expands', 'Breaking News Govt Expands New Alert', 'Life In The Philippines News', ""I'm BobbieD"", 'life In The Philippines Breaking News Govt Expands New Alert Level System Beyond Metro Manila', 'bobbieD Life In The Philippines', ""Today's headline Govt Expands New Alert"", 'Breaking News Govt Expands New Alert Level', 'Govt Expands New Alert Level System', 'Govt new alert level system expand', 'Expands New Alert Level System Beyond Metro Manila', 'Govt will expand']",en-US,145,15,0,10,US,Foreigner impressions of the Philippines,Yes
EhM_vQTe6dg,2021-09-24T15:31:43Z,UCPNBc7ZRwmgk1I6j_lenAfw,Life In The Philippines Breaking News Foreigners With Lapse Visas Permitted To Remain In The Country,"Life in the Philippines breaking news foreigners with lapse visas permitted to remain in the country. Foreigners whose temporary visitor‚Äôs visa has expired are allowed to stay longer in the country as the Bureau of Immigration (BI) suspended the issuance of OTL or Order to Leave.

Immigration Commissioner Jaime Morente signed an order suspending the OTL last Sept. 7, BI spokesperson Dana Sandoval said.

Life in the Philippines A Black Person's Viewpoint Similar Videos:  Life In The Philippines Breaking News Philippine Air Bankrupt
https://youtu.be/D9VzCufzRlY

Life In The Philippines Breaking News Airline Fights Banned
https://youtu.be/2OkLQDBcq3g

Life In The Philippines Breaking News Travel Ban Extended
https://youtu.be/sK5LVmkwx7k

Join this channel to get access to perks:
https://www.youtube.com/channel/UCPNBc7ZRwmgk1I6j_lenAfw/j

We have 2 new YouTube Channels check them out:
BobbieD Travels: https://bit.ly/3a91anL
BobbieD  Shorts: https://bit.ly/2QOAjXr

VIDEO CHAPTERS
00:00 Foreigners whose temporary visitor‚Äôs visa has expired 
00:11 Welcome To Life In The Philippines Breaking News, I'm BobbieD
00:46 Travel restrictions were imposed
            
VIDEO FOCUS:
In this video, we show how foreigners with lapse visas are permitted to stay in the Philippines.

üöÄ Tools and services I recommend:
My Favorite Philippines Dating Website: Christian Filipina - Use this link to get signed up: https://www.christianfilipina.com?affid=1318

My favorite tagging, channel growth, and management tool for Youtubers -  http://bit.ly/2qMoW4C

My favorite way to transfer money: Transferwise is to get funds transferred from other countries to the Philippines at the lowest rate possible. Your first transfer is FREE! https://transferwise.com/u/d69391

Disclaimer: Some of these links go to one of my websites and some are affiliate links where I'll earn a small commission if you make a purchase at no additional cost to you.

(‚úîÔ∏è Our website):
http://bit.ly/2N1PTc7

QFTD: What's your opinion of lapse visa foreigners remaining in the country? Leave your comments for me in the comments section of this video. And remember to like share and subscribe. üîî Subscribe to our channel for more free Philippines, Motivational, and Worldwide Videos: http://bit.ly/2WYS5pd.


‚úÖ Recommended playlists:
Learn About Province Life In The Philippines
https://bit.ly/2y1KWNx

Learn About Philippines Immigration/Visas/ACI-R card
https://bit.ly/365uYyw

Learn About Philippines Crime
https://bit.ly/2Wy1Sol

Learn About Dating/Romance
https://bit.ly/3fRqhgi

‚úÖ For business, inquiries contact me at bdix004@gmail.com

üí° Popular Videos:
Steve Bannon Has A Head-Turning Prediction About Trump
https://bit.ly/3lFYYHt

How To Spot Lies And Deceit In A Filipina 
https://bit.ly/3qA8EabM

Buying A Laptop In The Philippines
https://bit.ly/3mF2JOF

Real And Present Dangers In The Philippines
http://bit.ly/1PnYC1h

‚úÖ Social Media Contact Information:
Personal Facebook Page: http://bit.ly/25LZ0QR

Philippines Connection Facebook Fan Page: http://bit.ly/2UObPdi
Instagram at: https://bit.ly/3cAQU6Y

Follow us on Twitter at http://bit.ly/2N0BAEO

YouTube Channel: http://bit.ly/2WYS5pd

Life In The Philippines Website: http://bit.ly/2N1PTc7

Our channel is dedicated to providing Philippines videos, motivational and worldwide videos. I'm a Black expat (African American) dwelling in Cebu City Philippines. I work online gigs with Fiverr and Upwork for money.

In many of my videos, I share tips on how to make a living in the Philippines. Whenever you move to the Philippines you will need to live on a budget. I also have videos on the cost of living in the Philippines. Being a Black person in the Philippines comes with both its rewards and challenges because of your skin color.

I'm married to a beautiful Filipina. Her name is LisaD. She is lovely both inside and out. We have an interracial marriage and work hard at maintaining a good relationship. I have videos online and offline dating Filipinas in the Philippines and what it takes to maintain a long-distance relationship (LDR). Dating and romance in the Philippines are important also. We do worldwide and motivational videos too.
  
We've discovered that there's are many poor people here. Poverty in the Philippines is abundant. We do food drives on the channel and give out food to those in need. It's a way of giving back to those who are less fortunate. We believe in God. He is our provider. As he provides for us we bless others by sharing our blessings.

#lifeinthephilippinesablackpersonsviewpoint
#LifeinthePhilippinesbreakingnewsforeignerswithlapsevisaspermittedtoremaininth
#ThePhilippinesConnection
#BOBBIED
#BOBBIEDTRAVELS
#BOBBIEDSHORTS
#LisaD
#LoveTrainNation
#LoveTrain

-~-~~-~~~-~~-~-
Please watch: ""A Real Man Has Nothing To Hide"" 
https://www.youtube.com/watch?v=D9tC3H_09aM
-~-~~-~~~-~~-~-",The Love Train Nation,"['life in the philippines breaking news foreigners with lapse visas permitted', 'life in teh philippines breaking news foreigners with lapse visas permitted', 'life in the Philipines breaking news foreigners with lapse visas permitted', 'life in the philippines breaking news foreigners iwth lapse visas permitted', 'life in the philippines breaking news foreigners with lapse visas permitted to remain in the country', ""Life in the Philippines a black person's"", 'Life in the Philippines a Black', 'bobbieD']",en-US,140,15,0,14,US,"Foreigner reacts to Filipinos,Foreigner travels to Philippines,Foreigner vlog Philippines",Yes
qoNACuakc78,2021-11-09T21:15:56Z,UCPNBc7ZRwmgk1I6j_lenAfw,Life In The Philippines Breaking News Bureau Of Immigration Ready For Foreigners,"Life In The Philippines Breaking News Bureau Of Immigration Ready For Foreigners.  
The Bureau of Immigration on Monday said they are ready should the national government lift its restrictions on foreign travelers amid the continuing decline in new COVID-19 cases in the country.

‚ÄúOur frontline officers at the airports are ready and prepared, and we assure the traveling public of uninterrupted service should they decide to travel to the Philippines,‚Äù Immigration Commissioner Jaime Morente said in a statement.

BobbieD And LisaD Life in the Philippines  Similar Videos:  
Life In The Philippines Breaking News Philippine Air Bankrupt
https://youtu.be/D9VzCufzRlY

Life In The Philippines Breaking News Airline Fights Banned
https://youtu.be/2OkLQDBcq3g

Join this channel to get access to perks:
https://www.youtube.com/channel/UCPNB...

We have 2 new YouTube Channels check them out:
BobbieD Travels: https://bit.ly/3a91anL
BobbieD  Shorts: https://bit.ly/2QOAjXr

VIDEO CHAPTERS
00:00 Welcome To Life In The Philippines News, I'm BobbieD
00:11 Today's Headline Bureau Of Immigration Ready For Foreigners
01:32 Misc
          
VIDEO FOCUS:
In this video, we  show you The Bureau Of Immigration Commissioner Jaime Morente stated ""Our frontline officers at the airports are ready and prepared.""

Disclaimer: Some of these links go to one of my websites and some are affiliate links where I'll earn a small commission if you make a purchase at no additional cost to you.

(‚úîÔ∏è Our website):
http://bit.ly/2N1PTc7

QFTD: What's your OPINION ABOUT THE bi BEING READY? Leave your comments for me in the comments section of this video. And remember to like share and subscribe. üîî Subscribe to our channel for more free Philippines, Motivational, and Worldwide Videos: http://bit.ly/2WYS5pd.

‚úÖ Recommended playlists:
Learn About Province Life In The Philippines
https://bit.ly/2y1KWNx

Learn About Philippines Immigration/Visas/ACI-R card
https://bit.ly/365uYyw

Learn About Philippines Crime
https://bit.ly/2Wy1Sol

Learn About Dating/Romance
https://bit.ly/3fRqhgi

‚úÖ For business, inquiries contact me at bdix004@gmail.com

üí° Popular Videos:
Steve Bannon Has A Head-Turning Prediction About Trump
https://bit.ly/3lFYYHt

How To Spot Lies And Deceit In A Filipina 
https://bit.ly/3qA8EabM

Buying A Laptop In The Philippines
https://bit.ly/3mF2JOF

Real And Present Dangers In The Philippines
http://bit.ly/1PnYC1h

‚úÖ Social Media Contact Information:
Personal Facebook Page: http://bit.ly/25LZ0QR

Philippines Connection Facebook Fan Page: http://bit.ly/2UObPdi
Instagram at: https://bit.ly/3cAQU6Y

Follow us on Twitter at http://bit.ly/2N0BAEO

YouTube Channel: http://bit.ly/2WYS5pd

Life In The Philippines Website: http://bit.ly/2N1PTc7

Our channel is dedicated to providing Philippines videos, motivational and worldwide videos. I'm a Black expat (African American) dwelling in Cebu City Philippines. I work online gigs with Fiverr and Upwork for money.

In many of my videos, I share tips on how to make a living in the Philippines. Whenever you move to the Philippines you will need to live on a budget. I also have videos on the cost of living in the Philippines. Being a Black person in the Philippines comes with both its rewards and challenges because of your skin color.

I'm married to a beautiful Filipina. Her name is LisaD. She is lovely both inside and out. We have an interracial marriage and work hard at maintaining a good relationship. I have videos online and offline dating Filipinas in the Philippines and what it takes to maintain a long-distance relationship (LDR). Dating and romance in the Philippines are important also. We do worldwide and motivational videos too. In addition, we do Life In The Philippines News and Life In The Philippines Breaking News videos. Our Life In The Philippine Relationship Tips is a very popular playlist as well.
  
We've discovered that there's are many poor people here. Poverty in the Philippines is abundant. We do food drives on the channel and give out food to those in need. It's a way of giving back to those who are less fortunate. We believe in God. He is our provider. As he provides for us we bless others by sharing our blessings.

#LifeInThePhilippinesBreakingNewsBureauOfImmigrationReadyForForeigners  
#ThePhilippinesConnection
#BOBBIED
#BOBBIEDTRAVELS
#BOBBIEDSHORTS
#LisaD
#LoveTrainNation
#LoveTrain

-~-~~-~~~-~~-~-
Please watch: ""A Real Man Has Nothing To Hide"" 
https://www.youtube.com/watch?v=D9tC3H_09aM
-~-~~-~~~-~~-~-",The Love Train Nation,"['Life In The Philippines Breaking News Bureau Of Immigration Ready For Foreigners', 'bobbieD Life In The Philippines Breaking news', 'LisaD Life in the Philippines breaking news', 'Life in the Philippines Breaking ne', 'Life In The Philippines Breaking News Bureau Of Immigration Ready For', 'life in teh philippines breaking news bureau of immigration ready for', 'life in the Philipines breaking news bureau of immigration ready for', 'Life in teh philipines breaking news bureau of immigration ready for']",en-US,182,26,0,12,US,"Foreigner reacts to Filipinos,Foreigner travels to Philippines",Yes
sAiddfV6n0g,2023-08-26T03:02:23Z,UCPNBc7ZRwmgk1I6j_lenAfw,Updated Filipino Travel Guidelines,"Updated Filipino Travel Guidelines. In this video, we delve into the recently introduced travel guidelines for Filipinos departing overseas. As the Interagency Council Against Trafficking (ICATA) seeks to safeguard against human trafficking, questions arise about potential constitutional implications and the practicalities of these measures.

VIDEO CHAPTERS
00:00 Updated Filipino Travel Guidelines
00:05 Beginning Sept 3, 2023 all Filipinos traveling abroad
00:11 Required to adhere to newly introduced guidelines
00:13 Aimed at preventing human trafficking

VIDEO FOCUS:
Are you ready to embark on a journey through the intricacies of new travel guidelines for Filipinos? Join me as we unravel the truth behind these regulations that are aimed at preventing human trafficking but have sparked debates and concerns.

Question For The Day:  Are these guidelines striking the right balance between security and freedom? Leave your comments for me in the comments section of this video. Remember to like share and subscribe. 

üîî Subscribe to our channel for more free Philippines, Motivational, and Relationship Tips videos and worldwide Videos: http://bit.ly/2WYS5pd.

üöÄ Tools and services I recommend:
My Favorite Philippines Dating Website: Christian Filipina - Use this link to get signed up: https://www.christianfilipina.com?aff...

My favorite tagging, channel growth, and management tool for YouTubers -  http://bit.ly/2qMoW4C

My favorite way to transfer money: Wise is to get funds transferred from other countries to the Philippines at the lowest rate possible. Your first transfer is FREE! https://transferwise.com/u/d69391

Disclaimer: Some of these links go to one of my websites and some are affiliate links where I'll earn a small commission if you make a purchase at no additional cost.


‚úÖ Recommended playlists:
Learn About Province Life In The Philippines
https://bit.ly/2y1KWNx

Learn About Philippines Crime
https://bit.ly/2Wy1Sol

Learn About Dating/Romance
https://bit.ly/3fRqhgi

‚úÖ For business, inquiries contact me at bdix004@gmail.com

Our channel is dedicated to providing Philippines, motivational, YouTube Shorts, and worldwide videos.

#UpdatedFilipinoTravelGuidelines
#UpdatedFilipinoTravel
#TheLoveTrainNation
#TheLoveTrain
#BOBBIEDLifeIn
#LifeInThePhilippinesNews
#guidelinesforFilipinos
#LisaDLifeIn
#Filipinosdepartingoverseas
#ICATAseekstosafeguardagainsthumantrafficking
#FilipinosRequiredtoadheretonewlyintroducedguidelines
#BobbieD
#LisaD
#BeginningSept32023 all Filipinos",The Love Train Nation,"['Filipino Travel Guidelines', 'Updated Filipino Travel Guidelines', 'Filipinos traveling abroad', 'Life In The Philippines News', 'preventing human trafficking', 'security and freedom', 'constitutional implications', 'Filipino', 'BobbieD Life In', 'Filipino Travel', 'sparked debates', 'Required to adhere', 'LisaD Life In', 'The Love Train Nation', 'BobbieD', 'LisaD', 'BobbieD Life', 'LisaD Life', 'BobbieD and LisaD', 'BobbieD and LisaD Life', 'Philippines', 'Love Train', 'The Love train', 'bobbieD And LisaD Love Train Nation']",en-US,463,8,0,5,US,Visit Filipino,Yes
dGxnilrs8aU,2021-09-18T13:21:12Z,UCPNBc7ZRwmgk1I6j_lenAfw,Life In The Philippines Breaking News PH Travel New Advisory Update,"Life In The Philippines Breaking News PH Travel New Advisory Update. Following the approved recommendation of the Inter-Agency Task Force (IATF) for the Management of Emerging Infectious Diseases placed NCR under General Community Quarantine (GCQ) Alert Level 4 for 16 to 30 September 2021, notice is hereby given to all BI officials, employees, and clients that all BI offices in NCR shall operate from 0800H to all 1700H and shall continue to adopt a skeleton workforce up to a maximum of 50 percent operational capacity, fo the duration of the GCQ.

There are only two quarantine classifications in the Manila National Capital Region and they are the enhanced community quarantine (ECQ) and general community quarantine (GCQ).

Life in the Philippines A Black Person's Viewpoint Similar Videos:  Life In The Philippines Breaking News Philippine Air Bankrupt
https://youtu.be/D9VzCufzRlY

Life In The Philippines Breaking News Airline Fights Banned
https://youtu.be/2OkLQDBcq3g

Life In The Philippines Breaking News Travel Ban Extended
https://youtu.be/sK5LVmkwx7k

Join this channel to get access to perks:
https://www.youtube.com/channel/UCPNBc7ZRwmgk1I6j_lenAfw/j

We have 2 new YouTube Channels check them out:
BobbieD Travels: https://bit.ly/3a91anL
BobbieD  Shorts: https://bit.ly/2QOAjXr

VIDEO CHAPTERS
00:00 Update List Of Countries under the green, red and Yellow categories
00:13 Welcome to Life In The Philippines News, I'm BobbieD
00:43 NCR under GCQ
01:32 BI Guide on Travel restrictions Allowed to travel to the Philippines
02:42 General Requirements
            
VIDEO FOCUS:
In this video, we show Breaking News PH Travel New Advisory Update for Philippines Travel.

üöÄ Tools and services I recommend:
My Favorite Philippines Dating Website: Christian Filipina - Use this link to get signed up: https://www.christianfilipina.com?affid=1318

My favorite tagging, channel growth, and management tool for Youtubers -  http://bit.ly/2qMoW4C

My favorite way to transfer money: Transferwise is to get funds transferred from other countries to the Philippines at the lowest rate possible. Your first transfer is FREE! https://transferwise.com/u/d69391

Disclaimer: Some of these links go to one of my websites and some are affiliate links where I'll earn a small commission if you make a purchase at no additional cost to you.

(‚úîÔ∏è Our website):
http://bit.ly/2N1PTc7

QFTD: What's your opinion of the PH Travel New Advisory Update? Leave your comments for me in the comments section of this video. And remember to like share and subscribe. üîî Subscribe to our channel for more free Philippines, Motivational, and Worldwide Videos: http://bit.ly/2WYS5pd.

‚úÖ Recommended playlists:
Learn About Province Life In The Philippines
https://bit.ly/2y1KWNx

Learn About Philippines Immigration/Visas/ACI-R card
https://bit.ly/365uYyw

Learn About Philippines Crime
https://bit.ly/2Wy1Sol

Learn About Dating/Romance
https://bit.ly/3fRqhgi

‚úÖ For business, inquiries contact me at bdix004@gmail.com

üí° Popular Videos:
How To Spot Lies And Deceit In A Filipina 
https://bit.ly/3qA8EabM

Real And Present Dangers In The Philippines
http://bit.ly/1PnYC1h

‚úÖ Social Media Contact Information:
Personal Facebook Page: http://bit.ly/25LZ0QR

Philippines Connection Facebook Fan Page: http://bit.ly/2UObPdi
Instagram at: https://bit.ly/3cAQU6Y

Follow us on Twitter at http://bit.ly/2N0BAEO

YouTube Channel: http://bit.ly/2WYS5pd

Life In The Philippines Website: http://bit.ly/2N1PTc7

Our channel is dedicated to providing Philippines videos, motivational and worldwide videos. I'm a Black expat (African American) dwelling in Cebu City Philippines. I work online gigs with Fiverr and Upwork for money.

In many of my videos, I share tips on how to make a living in the Philippines. Whenever you move to the Philippines you will need to live on a budget. I also have videos on the cost of living in the Philippines. Being a Black person in the Philippines comes with both its rewards and challenges because of your skin color.

I'm married to a beautiful Filipina. Her name is LisaD. She is lovely both inside and out. We have an interracial marriage and work hard at maintaining a good relationship. I have videos online and offline dating Filipinas in the Philippines and what it takes to maintain a long-distance relationship (LDR). Dating and romance in the Philippines are important also. We do worldwide and motivational videos too.
  
We've discovered that there's are many poor people here. Poverty in the Philippines is abundant. We do food drives on the channel and give out food to those in need. It's a way of giving back to those who are less fortunate. We believe in God. He is our provider. As he provides for us we bless others by sharing our blessings.

#lifeinthephilippinesablackpersonsviewpoint
#LifeInThePhilippinesBreakingNewsPHTravelNewAdvisoryUpdate
#BOBBIED
#BOBBIEDTRAVELS
#BOBBIEDSHORTS
#LisaD
#LoveTrainNation
#LoveTrain",The Love Train Nation,"['life in the philippines breaking news ph travel new', 'life in teh philippines breaking news ph travel new', 'life in the Philipines breaking news ph travel new', 'life in teh philipines breaking news ph travel new', 'Life In The Philippines Breaking News PH', 'Life In the Philippines Breaking PH Travel Advisory', ""Life In the Philippines a Black Person's Viewpoint"", 'Life In The Philippines A Black persons Viewpoint', 'Life', 'In The Philippines breaking news', 'BobbieD', 'LisaD']",en-US,367,19,0,12,US,Visit PH,Yes
_AWKKCUJnk0,2022-05-02T11:00:23Z,UC-1ZY8bY46rX3ySgG3Qyn3g,How to travel Philippines - Watch this before coming! (Finally Open?),"If you plan to travel Philippines check for the travel updates and requirements: https://visitor.tourism.gov.ph/

#ItsMoreFunWithYou #ItsMoreFunInThePhilippines 

Join me on My Instagram : https://www.instagram.com/danydevv/ 

Insurance for Travel (Needed for many Countries but also great for Digital Nomads): https://bit.ly/3BsdPyN

Where I get great Music for my Videos (try it our for free): http://share.epidemicsound.com/sF7P7 

Check out my second Channel (spontaneous talks around mindset): https://www.youtube.com/c/DanyDev 

MY Gear(UPDATED 2022): 
Drone: https://amzn.to/3cCvedv
Camera: https://amzn.to/3rnIHKv

Above you find my afilliate links, by using them you support my work at no extra cost to you.",Dany #gotaworldtosee,"['philippines', 'travel philippines 2022', 'philippines first impression 2022', 'philippines travel update', 'philippines travel update today', 'moving to the philippines', 'travel to the philippines update', 'travel to the philippines 2022', 'philippines 2022', 'thailand to philippines', 'philippines travel updates', 'traveling to philippines 2022', 'foreigners in the philippines', 'philippines travel vlog', 'philippines travel guide', 'travel philippines', 'ItsMoreFunWithYou', 'ItsMoreFunInThePhilippines']",en,92133,4263,0,345,US,First time Philippines,Yes
6Ko-j7nzMHg,2022-08-05T23:00:03Z,UCOsve8EeUntXzOyeGRUc3OA,EL NIDO ULTIMATE TRAVEL GUIDE & COST 2023 üáµüá≠ THE PHILIPPINES IS OPEN!,"If you plan to travel the Philippines check for the travel updates and requirements here: https://visitor.tourism.gov.ph/

‚û£ GET 83% DISCOUNT OFF PLUS 3 MONTHS FOR FREE ON OUR RECOMMENDED VPN PROVIDER SURFSHARK TO STAY SAFE ONLINE  https://get.surfshark.net/SHPO
‚û£Get 5% OFF on the HolaFly E-Sim here: https://esim.holafly.com/?ref=jumpingplaces with our discount code: JUMPINGPLACES
‚û£ GET COPYRIGHT FREE MUSIC HERE: https://share.epidemicsound.com/JumpingPlaces
‚û£ OUR RECOMMENDATION ON TRAVEL INSURANCE: 
https://www.worldnomads.com/Turnstile/AffiliateLink?partnerCode=JUMP1NGPL4C35&source=link&utm_source=JUMP1NGPL4C35&utm_content=link&path=//www.worldnomads.com/travel-insurance/
‚û£ DISCOUNTS ON OUR GOPRO VLOGGING CAMERA https://gopro.prf.hn/click/camref:1101lGYDr
‚û£ OUR MERCHANDISE https://teespring.com/stores/jumpingplaces
‚û£ OUR DRONE https://www.amazon.com/dp/B0BL3Q4M8S?linkCode=spc&tag=onamzchr0edec-20&creativeASIN=B0BL3Q4M8S&asc_item-id=amzn1.ideas.2IJ8N6PBZOCC3&ref_=aip_sf_list_spv_ofs_d_asin
‚û£ OUR BACKPACK: http://shrsl.com/2m5kf

Disclaimers: 
- We only recommend products we would use ourselves and all opinions expressed here are our own. This video may contain affiliate links that at no additional cost to you, we may earn a small commission.
- We receive a fee when you get a quote from World Nomads using this link https://www.jdoqocy.com/click-100733673-15423653. We do not represent World Nomads. This is not a recommendation to buy travel insurance.

-------------------

OUR TRAVEL GEAR ON AMAZON:
‚û£ CAMERA GEAR: https://www.amazon.com/shop/jumpingplaces?listId=2IJ8N6PBZOCC3
‚û£ BACKPACKING GEAR: https://www.amazon.com/shop/jumpingplaces?listId=1GDT80UKU6DZL

-------------------

SUPPORT OUR ADVENTURES:
‚û£ Become a Patron: https://www.patreon.com/jumpingplaces
‚û£ Other ways to support us: https://www.jumpingplaces.com/support-us

-------------------

‚û£ INSTAGRAM: https://www.instagram.com/jumpingplaces @JumpingPlaces
‚û£ FACEBOOK: https://facebook.com/jumpingplaces
‚û£ Get to know us more and find good discount links and useful travel information on our website: https://www.jumpingplaces.com
‚û£ Check Carol's Channel: https://www.youtube.com/channel/UCwQvOh0a8gQIWAKB2H7CxaA

-------------------

In this travel guide of El Nido we talk about the attractions, food, transport, accommodation & prices in El Nido (Philippines)

Watch all our Philippines Videos here:
https://www.youtube.com/watch?v=2Z_XqAOa_OM&list=PLFIq3fAhPf996Mb4m_TyA4K6NLlbopbZG

Music by:
Epidemic Sound (http://share.epidemicsound.com/zvTQF)",Jumping Places,"['travel guide', 'things to do', 'places to visit', 'attractions', 'vacation', 'travel', 'price', 'cost', 'hotel', 'food', 'transport', 'acommodation', 'travel cost', 'guide', 'jumping places', 'itinerary', 'el nido', 'philippines', 'the philippines', 'el nido philippines', 'el nido travel guide', 'el nido resorts', 'vanilla beach', 'nacpan beach', 'duli', 'brother island', 'sibaltan', 'corong corong', 'caalan', 'el nido cost', 'philippines cost', 'how expensive is el nido?', 'el nido tour', 'travel el nido', 'el nido travel', 'el nido 2023', 'philippines 2023']",en,117390,4123,0,232,US,"Foreigner travels to Philippines,Foreigner vlog Philippines,Visit PH,Visit Philippines",Yes
80GF1BTv-4w,2020-09-06T14:46:52Z,UCCzlGcbJPmXwvPKHbV8BOuQ,Philippines trip beginüáµüá≠ !! It's more fun in the Philippinesüëåüòú  must watchüëç,"hey guys, welcome to panku world..

it's more fun in the Philippines üáµüá≠ü•∞

note:- this video has both languages English & hindiüôè so keep your subtitles settings on..

this time I am presenting you most awaited series of Philippines.. Philippines is the most friendly country in the world.. people are so amazing there.. 
I was there for 14 days & visited many city & island.. I made detail & informative vlogs so it will help to make your plan easily..
my experience was superb there.. 
I found so many real facts of Philippines..
that I will share with you in detail vlogs..

this is only a trailer video.. much more upcoming soon..
I made this video from my heart & doing hard work to show to my experience & information in one video..
I hope you will like itü•∞üëç
pls comment me your review..

So guys watch full video &  you should watch upcoming detail vlogs for better information & all travel tips..
I hope you will like this video & give me full support by watch other videos üôè

Pls subscribe Channel 
 Pls like the video 
 Follow me on Instagramüëâ @pankuworld

 Follow my facebook pageüëâ @pankuworld
 
Comment me if any queries ‚òùÔ∏è 

My budget vlogging setup.. I use all gear üëá(affiliate links)

Main camera:- https://amzn.to/35kgyv1

128 gb Memory Card:- https://amzn.to/38okQ6C

64 gb memory Card:-https://amzn.to/3njdiWV

2 tb hard drive external:-https://amzn.to/3q33rGJ

4tb hard drive external:-https://amzn.to/3q1y2nM

Sjcam external battery:-https://amzn.to/3os4jV0

Selfie stick/tripod:-https://amzn.to/39711jy

My Travel backpack bag:-https://amzn.to/2L2oDxO

You can buy any products from hereüëÜüôè

#philippines, #pankuworld, #nasdaily
#trailer, #teaser, #factsofphilippines, 

Here is some other series or videoüëá

Thailand trailer video:-üëáüëá
https://youtu.be/J-G033URI08

Thailand budget series:-üëáüëá
https://www.youtube.com/playlist?list=PLlc5z_lr2D0eG05geXoRFW1d5J0v8KusH

Singapore travel series:-üëáüëá


Jaipur travel series:-üëáüëá
https://www.youtube.com/playlist?list=PLlc5z_lr2D0fxAYi_Mag-CBz5YTXJPR9D

How to book cheapest hotelüëá
https://youtu.be/p4Eg2tqpzus

Biggest Indian marriage üëá
https://www.youtube.com/playlist?list=PLlc5z_lr2D0eNExYYIRgVPZ_J-P5UZfmE

Music credit to:-
 Outside - ikson (vlog no copyright music) By audio library https://www.youtube.com/watch?v=6LDuAiLrmMs

 The fatrat - monody(feat. Laura brehm) 
https://www.youtube.com/watch?v=B7xai5u_tnk 

Note :- ""copyright disclaimer under section 107 of the copyright act 1976,. Allowance is made for ""fair use"" for purpose sach as criticism, comment, new reporting, teaching, scholarship, and reserch.. fair use is a use permitted by copyright status that might otherwise be infringing. Nonprofit, educational or personal use tips the balance in favor of fair use"".",Panku world,"['Philippines', 'panku world', 'trailer video', 'Indian travelling to Philippines', 'Philippines vlog', ""it's more fun in the Philippines"", 'how to go to Philippines', 'is PHILIPPINES safe', 'Life of Philippines', 'indian in Phillipines', 'philippines travel vlog', 'information about philippines', 'philippines kaise jaye', 'philippines visa', 'teaser', 'trailer', 'facts of Philippines', 'nas daily', 'Most Friendly Country in the world']",en-IN,37769,477,0,153,IN,"Foreigner impressions of the Philippines,Foreigner living in the Philippines,Foreigner vlog Philippines,Visit Philippines",Yes
P_1aJaBTcJg,2022-08-03T11:30:12Z,UCSAQKyBcV2kH7Q1QQbOaI4g,How To Travel To Philippines From India | Philippines Visa | RudraTrack,"This video has information about, how to go to Philippines from India. And what are the documents required for Philippines visa. How much budget one should have for travelling to Philippines. 

if you don't follow our Instagram page maybe you will not get reply.
My Instagram https://instagram.com/rudratrack?igsh...
My twitter https://twitter.com/rudra_track?t=zur...
My account Snapchat https://www.snapchat.com/add/p_tyagi2007
My Business Email - 
rudratrack@gmail.com

my girlfriend's channel @SamanthaNoelle 


#philippines #rudratrack #vlog #trending #ldr #latest #manila #viral #filipino #bisaya #tagalog #english #hindi",Rudra Track,"['@samanthanoelle', 'Philippines visa', 'India to philippines', '#travelvlog', '#trevler', 'rudratrack', 'India to Philippines Trip Cost', 'Roam With Rudratrack', 'Philippines jaane me kitna kharcha aata h', 'india to philippines travel', 'India se Philippines', 'india se philippines kaise jaye', 'Philippines Visa on Arrival for Indians', 'India to Philippines Flight cost', 'Cheap Hotels in the Philippines', 'India to Philippines', 'India se Philippines kaise jaye', 'india to philippines tour package cost']",hi,23002,0,0,82,IN,Visit Philippines,Yes
b0Sd5upIc6o,2019-08-20T14:42:48Z,UC0NGOXcSHs4Jq6FDpIYWkJA,Bezpiecze≈Ñstwo na Filipinach - ≈ºycie na Filipinach,W dzisiejszym odcinku opowiadam o bezpiecze≈Ñstwie na Filipinach. Je≈ºeli interesuje ciebie ≈ºycie na Filipinach zapraszam do ≈õledzenia mojego kana≈Çu oraz bloga https://szukajacprzygody.pl,≈ªycie na Filipinach - Rafa≈Ç Baran,"['polacy na filipinach', '≈ºycie na filipinach', 'bezpiecze≈Ñstwo na filipinach', 'porwania na filipinach', 'niebezpiecze≈Ñstwa na filipinach', '≈ºycie w azji', 'Filipiny', 'Siquijor', 'Dumaguete', 'Negros island', 'kradzie≈ºe na filipinach', 'ucieczka do raju', 'ucieczka z raju', 'rajska wyspa', 'rajskie wyspy', 'rajskie pla≈ºe', 'wakacje na filipinach']",pl,9561,446,0,57,PL,Visit Philippines,Yes
yGULu6ml0mg,2021-11-23T08:00:19Z,UCuNTNj4oeNhdwA-nJYp-OIw,Why Are Overseas Filipinos Moving BACK To The Philippines??,"A snippet from the podcast episode where Franco Varona, a Filipino Venture Capitalist, explains why the Philippines is one of the fastest-growing startup ecosystems in the region and the opportunities this presents for entrepreneurs. Born in Canada, we also chat about why Franco moved back to the Philippines and also why other overseas entrepreneurial Filipinos are returning. FULL VIDEO here: https://youtu.be/I0LSbXex9Cg

This clip is about how some entrepreneurial overseas Filipinos are returning to the Philippines to start businesses & the digital transformation of the country. 

In this podcast episode, Franco Varona, a Filipino Venture Capitalist, explains why the Philippines is one of the fastest-growing startup ecosystems in the region and the opportunities this presents for entrepreneurs. Born in Canada, we also chat about why Franco moved back to the Philippines and also why other overseas entrepreneurial Filipinos are returning. 

As the Managing Partner of Foxmont Capital Partners, the first independent Venture Capital (VC) firm in the Philippines, Franco has had a varied career, most notably being a founding member at MyTeksi Phillippines (now named Grab). This opportunity to get on board one of the most exciting startups in the region supercharged his career into what it is today, something that might not have been possible if he stayed in the States. 

As passionate advocates of the Philippines startup ecosystem, Foxmont's investment thesis is this:

‚ÄúWe invest in Filipino-focused or Filipino-founded early-stage technology startups that have proven that they can scale effectively and lead the Philippine digital evolution.  We believe that if a Filipino startup can succeed in the Philippines, it can succeed anywhere.‚Äù

Show Notes: https://bordersless.com/business/philippines-opportunity-franco-varona-foxmont/",BordersLess Asia,"['overseas filipinos', 'filipino diaspora', 'yt:cc=on']",en,18232,328,0,91,AU,Foreigner impressions of the Philippines,Yes
aA8hpFdp8rk,2021-11-06T11:00:42Z,UCRWyeNqc6IugffUVueM4sDw,Philippines travel | Is travel to the Philippines allowed right now? | Philippines travel update,"#TravelUpdates #TravelNews #VisaInformation #TravelRestrictions
#TravelVlogs #ExploreTheWorld #Wanderlust #AdventureSeeker
#TravelTips #TravelInspiration #BucketListAdventures #SoutheastAsiaTravel
#InternationalTravel #TravelGuides #TravelExperiences #travelmantoday #TravelUpdates #TravelNews #VisaInformation #TravelRestrictions
#TravelVlogs #ExploreTheWorld #Wanderlust #AdventureSeeker
#TravelTips #TravelInspiration #BucketListAdventures #SoutheastAsiaTravel
#InternationalTravel #TravelGuides #TravelExperiences #travelmantoday Philippines travel | Is travel to the Philippines allowed right now? | Philippines travel update

Chapters:
0:00 Start
1:09 Philippines travel-Entry requirements
2:54 Philippines travel-Vaccinated travel exceptions
4:06 Philippines travel-Fully vaccinated Green List
4:24 Philippines travel- Travelers require quarantine
4:59 Philippines travel- Additional requirements

Resources
1. Green countries.¬†https://blog.wego.com/philippines-green-list/
2. For full details and exemptions, see the Philippines Government website.https://immigration.gov.ph/#advisory
3. Apply travel pass- You can do it here¬†https://immigration.gov.ph/#advisory
4. The list of approved facilities can be found at¬†-https://quarantine.doh.gov.ph/facilities-inspected-as-of-july-16-2021/
5. Case investigation form link: https://c19.redcross.org.ph/auth/login
6. E-Health card link: https://onehealthpass.com.ph/e-HDC/OHP-Registration/
7. Mobile Traze app: https://play.google.com/store/apps/details?id=com.traze.contacttraze&hl=en_IN&gl=US

Related queries
philippines travel update
can foreigners enter philippines
latest travel update philippines
quarantine protocols in philippines
Is travel to the Philippines allowed right now?
Is Philippines open for tourists?
Travel to Philippines from India
Philippines travel ban update
International flights Philippines update today
Travel requirements Philippines COVID
Travel requirements to Manila
Travel pass requirements going to province
philippines travel pass
Requirements for travel Pass going to Manila from province 2021

------------------------------------------------------------------------------------------------------------------
My youtube series

Thailand Series
https://www.youtube.com/playlist?list=PLcCBNBSA31CPSuyU2SctfRw99NTE9Y9bN

Singapore Travel requirements for tourists to Singapore Series
https://www.youtube.com/playlist?list=PLcCBNBSA31CNvvNPyahHpVhxU_xh9Dg64

Maldives Series
https://www.youtube.com/playlist?list=PLcCBNBSA31CPAwQoeoijWtOAqBghB2nSw

Where can I go in 2021
https://www.youtube.com/playlist?list=PLcCBNBSA31CPY68ZwBV_thwL9vaXXDcbq

Russia Shorts:
https://www.youtube.com/playlist?list=PLcCBNBSA31CPQL5_1Do3fafo0oe58UYnF

Sri Lanka Series
https://www.youtube.com/playlist?list=PLcCBNBSA31CPvgu4QwjW_D0PJgivVa2G6  

When you are not traveling series- Lifestyle vlogs
https://www.youtube.com/playlist?list=PLcCBNBSA31CPC2Cot0AKrIxD2QIRxxt4B

https://www.youtube.com/watch?v=BMku935oK_k&list=PLooWyijvnyImYjdnjGVA7Y-KzwWvKZttB

Singapore Series
https://www.youtube.com/playlist?list=PLcCBNBSA31CNdj_iAwptEyWKKm5j_TKt

Travel tips
https://www.youtube.com/playlist?list=PLcCBNBSA31COCpbHc5uyNz1Hkex5MD6K0

Thanks,
Aseem




#philippines #philippinestour #philippinestourism #philippinestravelupdate #philippinestravel #TravelUpdates #TravelNews #VisaInformation #TravelRestrictions
#TravelVlogs #ExploreTheWorld #Wanderlust #AdventureSeeker
#TravelTips #TravelInspiration #BucketListAdventures #SoutheastAsiaTravel
#InternationalTravel #TravelGuides #TravelExperiences #travelmantoday",Travel Man Today,"['thewanderingman abroad', 'Philippines travel | Is travel to the Philippines allowed right now? | Philippines travel update', 'philippines', 'philippines reopening', 'travel update philippines today', 'philippines travel update', 'quarantine protocols in philippines', 'travel advisory philippines', 'latest travel update philippines', 'philippines update for travel', 'philippines travel restrictions', 'travel man today', 'travel man today philippines', 'Travel Man Today']",hi,727,0,0,17,IN,Foreigner impressions of the Philippines,Yes
uav_WP4G5IQ,2022-07-02T17:00:08Z,UC2rkgW49nwJyQp3JHZxh5IQ,The Do's & Don'ts Of Visiting The Philippines,"Embarking on a journey to the Philippines‚Äîa mesmerizing archipelago of emerald islands, unparalleled beaches, and rich cultural tapestries? Equip yourself with the insider knowledge to make the most of your Filipino adventure with ""The Do's & Don'ts of Visiting the Philippines"".

This guide delves deep into the heart of this Southeast Asian treasure, offering invaluable tips to immerse yourself authentically in its vibrant landscapes and traditions. From etiquette pointers that will endear you to the locals to hidden gems only the insiders know about, this guide ensures you traverse the islands like a seasoned traveler.

Discover where to savor the most sumptuous Filipino delicacies, the sacred rituals you must respect, the festivals you shouldn't miss, and the common tourist faux pas to avoid. With over 7,000 islands to explore, each bursting with its unique charm, a world of wonder awaits.

Whether you're seeking the serene beauty of Palawan, the bustling streets of Manila, or the historic tales of Cebu, ""The Do's & Don'ts of Visiting the Philippines"" is your passport to a richer, more fulfilling travel experience. Dive deep, travel responsibly, and let the Philippines unveil its magic in ways you've never imagined!


The Gear I use

Interchangeable Lens 4K Mirrorless Camera
https://amzn.to/3QLiHWH

Manfrotto Video Head
https://amzn.to/3MHXZo4

R√òDE Microphones GO II Wireless
https://amzn.to/38COZ4A

Samsung  Galaxy Tab A, 10.5""
https://amzn.to/3aPdQ4j

Foval 150W Power Inverter 
https://amzn.to/2KF0BbF

Nikon DSLR Camera
https://amzn.to/3LWgOnd

Neewer 72.4 inches Aluminum Camera Tripod
https://amzn.to/2L2kCbW

Jabra Elite  pro-Earbuds
https://amzn.to/3KQRspB

This post contains links to products that I may receive compensation from at no additional cost to you, which helps me make more videos and you Help support this channel Thank You!
As an Amazon Associate, I earn from qualifying purchases.



üîî Subscribe for 2 new videos EVERY WEEK! 
https://www.youtube.com/traveldroner?sub_confirmation=1

üëâ Check Out These Popular Videos

‚ñ∂Ô∏è Top 10 Best Countries To Live Cheap In The World
https://youtu.be/wKN9VTuKlk0

‚ñ∂Ô∏è Top 10 Most Exotic Places to Travel to in the world
https://youtu.be/QshLiUoZrrs

‚ñ∂Ô∏è Top 10 Best Places in the Philippines
https://youtu.be/FTimsLaPV_Q

‚ñ∂Ô∏èTop  10 Best Islands to buy Property and Retire
https://youtu.be/1n3zhoxK3VM

‚ñ∂Ô∏è The Top 10 places to visit in Greece
https://youtu.be/9vPCSoijvUE


üëâ Stay Connected With Travel Droner

‚ñ∂Ô∏è Facebook: https://www.facebook.com/thetraveldroner
‚ñ∂Ô∏è Twitter: https://twitter.com/traveldroner
‚ñ∂Ô∏è Website: http://www.traveldroner.com/


‚ûîüîî Don't Forget To SUBSCRIBE!
https://www.youtube.com/channel/UC2rkgW49nwJyQp3JHZxh5IQ/sub_confirmation=1

Footage

Title: ‚Äú[4K] WALKING TOUR FROM MAKATI To Bgc Taguig Scenery February 2022 (Philippines)‚Äù
Creator: ‚ÄúRico Boy Tv‚Äú‚Äî https://www.youtube.com/channel/UCkIkerlNTo3YpK4-he8lrow.
Source: ‚Äúhttps://youtu.be/-FGyb2M9DWo.
License: ‚ÄúCC BY 2.0‚Äù‚Äîhttps://creativecommons.org/licenses/by/2.0/.

Title: ‚ÄúMang Inasal in the Philippines‚Äù
Creator: ‚ÄúAnnalisa's Awesome Adventures!!!‚Äú https://www.youtube.com/c/AnnalisasAwesomeAdventures.
Source: ‚Äúhttps://youtu.be/8NZsKgeuNCE.
License: ‚ÄúCC BY 2.0‚Äù‚Äîhttps://creativecommons.org/licenses/by/2.0/.

Title: ‚ÄúMARIBAGO HIGHWAY, LAPU LAPU CITY, CEBU, PHILIPPINES | WALKING TOUR‚Äù
Creator: ‚ÄúAJE VLOG TV‚Äú‚Äî https://www.youtube.com/c/AJEVLOGTV.
Source: ‚Äúhttps://youtu.be/KVgMEdXeTXs
License: ‚ÄúCC BY 2.0‚Äù‚Äîhttps://creativecommons.org/licenses/by/2.0/.

Title: ‚ÄúLEGENDARY Filipino Food In HISTORIC Little Manila | Fung Bros‚Äù
Creator: ‚ÄúFUNG BROS.‚Äú‚Äîhttps://www.youtube.com/c/fungbros
Source: ‚Äúhttps://youtu.be/6I4B8iJfYbU
License: ‚ÄúCC BY 2.0‚Äù‚Äîhttps://creativecommons.org/licenses/by/ philippines travel tips",Travel Droner,"['philippines travel guide', 'philippines', ""dos and don'ts philippines"", ""do's and don'ts of visiting the philippines"", 'how to travel the philippines', 'the philippines', 'philippines travel', 'things to do in the philippines', 'things to do in philippines', 'things not to do philippines', 'philippines travel video', 'philippines travel tips', 'foreigners in the philippines', 'what to do in the philippines', 'what not to do in the philippines', 'travel droner', 'travel philippines', 'travel the philippines', 'cebu']",en,2522,51,0,16,US,Visit Philippines,Yes
fJZ0IQQBOvw,2019-03-12T12:45:00Z,UCNMCLJlFSqiUb1EnXII3zhQ,Philippines immigration and visa procedures |How to travel to Philippines travel Harees Ameerali,"Tour Destinations: Thailand, Malaysia, Singapore, Cambodia, Maldives, Bali, Andaman, Philippines, Dubai, Sri Lanka, Vietnam etc.

0:00 Intro
0:40 Basic Tips
1:10 Procedure for Visa
2:40 Airport Tips & Emigration
4:10 Answers you should give
6:40 Important documents
8:10 My Experience
15:30 Conclusion



‡¥µ‡µç‡¥Ø‡¥§‡µç‡¥Ø‡¥∏‡µç‡¥§‡¥Æ‡¥æ‡¥Ø ‡¥Ø‡¥æ‡¥§‡µç‡¥∞ ‡¥Ö‡¥®‡µÅ‡¥≠‡¥µ‡¥ô‡µç‡¥ô‡¥≥‡µÅ‡¥Ç ,‡¥≠‡¥ï‡µç‡¥∑‡¥£‡¥∞‡µÄ‡¥§‡¥ø‡¥ï‡¥≥‡µÅ‡¥Ç ‡¥®‡¥ø‡¥ô‡µç‡¥ô‡µæ‡¥ï‡µç‡¥ï‡µÅ ‡¥à ‡¥ö‡¥æ‡¥®‡¥≤‡¥ø‡µΩ ‡¥ï‡¥æ‡¥£‡¥æ‡¥Ç ,‡¥Ø‡¥æ‡¥§‡µç‡¥∞ ‡¥ö‡µÜ‡¥Ø‡µç‡¥Ø‡¥æ‡¥®‡¥æ‡¥ó‡µç‡¥∞‡¥π‡¥ø‡¥ï‡µç‡¥ï‡µÅ‡¥®‡µç‡¥®‡¥µ‡µº ‡¥é‡¥®‡µç‡¥±‡µÜ ‡¥∏‡µç‡¥•‡¥æ‡¥™‡¥®‡¥Æ‡¥æ‡¥Ø 
Royalsky Holidays ‡¥∏‡µÅ‡¥Æ‡¥æ‡¥Ø‡¥ø ‡¥¨‡¥®‡µç‡¥ß‡¥™‡µÜ‡¥ü‡µÅ‡¥ï :
+91 9846571800

---------------------------------------------------


---------------------------------------------------

#Hareesameerali
#philippines
#tourpackages",Harees Ameerali - Royal Sky Holidays,"['Harees Ameerali', 'Royalsky Holidays', 'Tours', 'Philippines immigration and visa procedures', 'Philippines', 'Visa', 'immigration', 'Airport', 'Tips', 'Tircks', 'Points', 'Advice', 'Manila', 'Angeles', 'Hotel', 'Solo Travel', 'Travel Vlog', 'Travel Tips', 'Official', 'Trending Series', 'Series', 'Episode', 'English', 'Eng Sub', 'Malayalam', 'Mallu', 'Q&A']",en,104965,4801,0,737,IN,"Trying Philippines,Trying Philippines",Yes
DT_R3PqXKi8,2019-03-07T12:29:20Z,UCNMCLJlFSqiUb1EnXII3zhQ,Philippines ‡¥≤‡µá‡¥ï‡µç‡¥ï‡µÅ ‡¥é‡¥≥‡µÅ‡¥™‡µç‡¥™‡¥§‡µç‡¥§‡¥ø‡µΩ ‡¥®‡¥Æ‡µÅ‡¥ï‡µç‡¥ï‡µç  ‡¥é‡¥ô‡µç‡¥ô‡¥ø‡¥®‡µÜ  ‡¥™‡µã‡¥ï‡¥æ‡¥Ç | Harees Ameerali philippines tour,"Part two of my Philippines episode, as in this video I will be showing you first look of Changi Airport Singapore as I'll be on my way to Manila, Philippines. To introduce you to my first impression about landing at Manila. Continue to watch the video to see what more details it will unfold!


Tour Destinations: Thailand, Malaysia, Singapore, Cambodia, Maldives, Bali, Andaman, Philippines, Dubai, Sri Lanka, Vietnam etc.

0:00 Intro
2:10 To Singapore Airport
5:30 Singapore Changi Airport
15:15 Boarding
16:00 Flight Journey
17:16 Philippines
25:39 Conclusion



‡¥è‡¥§‡µÅ ‡¥∞‡¥æ‡¥ú‡µç‡¥Ø‡¥§‡µç‡¥§‡µá‡¥ï‡µç‡¥ï‡µÅ‡¥≥‡µç‡¥≥ ‡¥Ø‡¥æ‡¥§‡µç‡¥∞‡¥ï‡µæ‡¥ï‡µç‡¥ï‡µÅ‡¥Ç ‡¥®‡¥ø‡¥ô‡µç‡¥ô‡¥≥‡µç‡¥ï‡µç‡¥ï‡µç ‡¥é‡¥®‡µç‡¥±‡µÜ ‡¥ì‡¥´‡µÄ‡¥∏‡¥ø‡¥∏‡µÅ‡¥Æ‡¥æ‡¥Ø‡¥ø ‡¥¨‡¥®‡µç‡¥ß ‡¥™‡µÜ‡¥ü‡¥æ‡¥µ‡µÅ‡¥®‡µç‡¥®‡¥§‡µÅ ‡¥Ü‡¥£‡µç .,‡¥µ‡µç‡¥Ø‡¥§‡µç‡¥Ø‡¥∏‡µç‡¥§‡¥Æ‡¥æ‡¥Ø ‡¥Ø‡¥æ‡¥§‡µç‡¥∞ ‡¥Ö‡¥®‡µÅ‡¥≠‡¥µ‡¥ô‡µç‡¥ô‡¥≥‡µÅ‡¥Ç ,‡¥≠‡¥ï‡µç‡¥∑‡¥£‡¥∞‡µÄ‡¥§‡¥ø‡¥ï‡¥≥‡µÅ‡¥Ç ‡¥®‡¥ø‡¥ô‡µç‡¥ô‡µæ‡¥ï‡µç‡¥ï‡µÅ ‡¥à ‡¥ö‡¥æ‡¥®‡¥≤‡¥ø‡µΩ ‡¥ï‡¥æ‡¥£‡¥æ‡¥Ç ,‡¥Ø‡¥æ‡¥§‡µç‡¥∞ ‡¥ö‡µÜ‡¥Ø‡µç‡¥Ø‡¥æ‡¥®‡¥æ‡¥ó‡µç‡¥∞‡¥π‡¥ø‡¥ï‡µç‡¥ï‡µÅ‡¥®‡µç‡¥®‡¥µ‡µº ‡¥é‡¥®‡µç‡¥±‡µÜ ‡¥∏‡µç‡¥•‡¥æ‡¥™‡¥®‡¥Æ‡¥æ‡¥Ø 
Royalsky Holidays-‡¥∏‡µÅ‡¥Æ‡¥æ‡¥Ø‡¥ø ‡¥¨‡¥®‡µç‡¥ß‡¥™‡µÜ‡¥ü‡µÅ‡¥ï 

+919846571800


---------------------------------------------------


---------------------------------------------------

#Hareesameerali
#philippines
#tourpackages",Harees Ameerali - Royal Sky Holidays,"['tech travel eat', 'malayalam travel videosmalayalam', 'travel vlogmalayalam', 'tech videosmalayalam', 'travelmalayalam', 'travel blogmalayalam', 'lifestylemalayalam', 'india travel blogtravel', 'Philippines', 'Manila', 'Airport', 'Singapore', 'Tour', 'philippines', 'how to travel to philippines from india', 'Solo Travel', 'Travel Goal', 'Airport Tour', 'Changi Airport', 'Manila Airport.', 'Eng Sub', 'English', 'Malayalam', 'Harees Ameerali', 'Royalsky Holidays']",en,217670,16405,0,1138,IN,Visit Philippines,Yes
